1,Jessica5982953,test5982953,test@email5982953,ALA,SCIENCE,Master Nerd,2017-02-08 20:27:32,2017-02-08 20:27:32,1
2,Jessica6412994,test6412994,test@email6412994,ALA,CULTURE,Super Nerd,2017-02-08 20:27:32,2017-02-08 20:27:32,1
3,Jessica8360780,test8360780,test@email8360780,ALA,ENGINEERING,Nerd,2017-02-08 20:27:32,2017-02-08 20:27:32,1
4,Jessica9767900,test9767900,test@email9767900,ALA,TECHNOLOGY,Senior Nerd,2017-02-08 20:27:32,2017-02-08 20:27:32,1
5,Jessica1787090,test1787090,test@email1787090,ALA,CULTURE,Junior Nerd,2017-02-08 20:27:32,2017-02-08 20:27:32,1
6,Jessica3161877,test3161877,test@email3161877,AK,SCIENCE,Master Nerd,2017-02-08 20:27:32,2017-02-08 20:27:32,1
7,Jessica8614599,test8614599,test@email8614599,AK,CULTURE,Super Nerd,2017-02-08 20:27:32,2017-02-08 20:27:32,1
8,Jessica1488603,test1488603,test@email1488603,AK,ENGINEERING,Nerd,2017-02-08 20:27:32,2017-02-08 20:27:32,1
9,Jessica5124901,test5124901,test@email5124901,AK,TECHNOLOGY,Senior Nerd,2017-02-08 20:27:32,2017-02-08 20:27:32,1
10,Jessica6612778,test6612778,test@email6612778,AK,CULTURE,Junior Nerd,2017-02-08 20:27:32,2017-02-08 20:27:32,1
11,Jessica6431049,test6431049,test@email6431049,ARZ,SCIENCE,Master Nerd,2017-02-08 20:27:32,2017-02-08 20:27:32,1
12,Jessica2164612,test2164612,test@email2164612,ARZ,CULTURE,Super Nerd,2017-02-08 20:27:32,2017-02-08 20:27:32,1
13,Jessica2457284,test2457284,test@email2457284,ARZ,ENGINEERING,Nerd,2017-02-08 20:27:32,2017-02-08 20:27:32,1
14,Jessica160708,test160708,test@email160708,ARZ,TECHNOLOGY,Senior Nerd,2017-02-08 20:27:32,2017-02-08 20:27:32,1
15,Jessica9190634,test9190634,test@email9190634,ARZ,CULTURE,Junior Nerd,2017-02-08 20:27:32,2017-02-08 20:27:32,1
16,Jessica6032255,test6032255,test@email6032255,AR,SCIENCE,Master Nerd,2017-02-08 20:27:32,2017-02-08 20:27:32,1
17,Jessica9126080,test9126080,test@email9126080,AR,CULTURE,Super Nerd,2017-02-08 20:27:32,2017-02-08 20:27:32,1
18,Jessica3929398,test3929398,test@email3929398,AR,ENGINEERING,Nerd,2017-02-08 20:27:32,2017-02-08 20:27:32,1
19,Jessica6217468,test6217468,test@email6217468,AR,TECHNOLOGY,Senior Nerd,2017-02-08 20:27:32,2017-02-08 20:27:32,1
20,Jessica1218380,test1218380,test@email1218380,AR,CULTURE,Junior Nerd,2017-02-08 20:27:32,2017-02-08 20:27:32,1
21,Jessica5510673,test5510673,test@email5510673,CA,SCIENCE,Master Nerd,2017-02-08 20:27:32,2017-02-08 20:27:32,1
22,Jessica1896293,test1896293,test@email1896293,CA,CULTURE,Super Nerd,2017-02-08 20:27:32,2017-02-08 20:27:32,1
23,Jessica3488602,test3488602,test@email3488602,CA,ENGINEERING,Nerd,2017-02-08 20:27:32,2017-02-08 20:27:32,1
24,Jessica1900280,test1900280,test@email1900280,CA,TECHNOLOGY,Senior Nerd,2017-02-08 20:27:32,2017-02-08 20:27:32,1
25,Jessica2415668,test2415668,test@email2415668,CA,CULTURE,Junior Nerd,2017-02-08 20:27:32,2017-02-08 20:27:32,1
26,Jessica4041443,test4041443,test@email4041443,CO,SCIENCE,Master Nerd,2017-02-08 20:27:32,2017-02-08 20:27:32,1
27,Jessica6836865,test6836865,test@email6836865,CO,CULTURE,Super Nerd,2017-02-08 20:27:32,2017-02-08 20:27:32,1
28,Jessica1534044,test1534044,test@email1534044,CO,ENGINEERING,Nerd,2017-02-08 20:27:32,2017-02-08 20:27:32,1
29,Jessica9648732,test9648732,test@email9648732,CO,TECHNOLOGY,Senior Nerd,2017-02-08 20:27:32,2017-02-08 20:27:32,1
30,Jessica497059,test497059,test@email497059,CO,CULTURE,Junior Nerd,2017-02-08 20:27:32,2017-02-08 20:27:32,1
31,Jessica7489288,test7489288,test@email7489288,CT,SCIENCE,Master Nerd,2017-02-08 20:27:32,2017-02-08 20:27:32,1
32,Jessica6868705,test6868705,test@email6868705,CT,CULTURE,Super Nerd,2017-02-08 20:27:32,2017-02-08 20:27:32,1
33,Jessica8544737,test8544737,test@email8544737,CT,ENGINEERING,Nerd,2017-02-08 20:27:32,2017-02-08 20:27:32,1
34,Jessica9091126,test9091126,test@email9091126,CT,TECHNOLOGY,Senior Nerd,2017-02-08 20:27:32,2017-02-08 20:27:32,1
35,Jessica981263,test981263,test@email981263,CT,CULTURE,Junior Nerd,2017-02-08 20:27:32,2017-02-08 20:27:32,1
36,Jessica3126365,test3126365,test@email3126365,DE,SCIENCE,Master Nerd,2017-02-08 20:27:32,2017-02-08 20:27:32,1
37,Jessica6928505,test6928505,test@email6928505,DE,CULTURE,Super Nerd,2017-02-08 20:27:32,2017-02-08 20:27:32,1
38,Jessica6943173,test6943173,test@email6943173,DE,ENGINEERING,Nerd,2017-02-08 20:27:32,2017-02-08 20:27:32,1
39,Jessica8352571,test8352571,test@email8352571,DE,TECHNOLOGY,Senior Nerd,2017-02-08 20:27:32,2017-02-08 20:27:32,1
40,Jessica5624788,test5624788,test@email5624788,DE,CULTURE,Junior Nerd,2017-02-08 20:27:32,2017-02-08 20:27:32,1
41,Jessica1522562,test1522562,test@email1522562,FL,SCIENCE,Master Nerd,2017-02-08 20:27:32,2017-02-08 20:27:32,1
42,Jessica8582964,test8582964,test@email8582964,FL,CULTURE,Super Nerd,2017-02-08 20:27:32,2017-02-08 20:27:32,1
43,Jessica1669133,test1669133,test@email1669133,FL,ENGINEERING,Nerd,2017-02-08 20:27:32,2017-02-08 20:27:32,1
44,Jessica9080640,test9080640,test@email9080640,FL,TECHNOLOGY,Senior Nerd,2017-02-08 20:27:32,2017-02-08 20:27:32,1
45,Jessica9198887,test9198887,test@email9198887,FL,CULTURE,Junior Nerd,2017-02-08 20:27:32,2017-02-08 20:27:32,1
46,Jessica3478372,test3478372,test@email3478372,GA,SCIENCE,Master Nerd,2017-02-08 20:27:32,2017-02-08 20:27:32,1
47,Jessica4078127,test4078127,test@email4078127,GA,CULTURE,Super Nerd,2017-02-08 20:27:32,2017-02-08 20:27:32,1
48,Jessica4921378,test4921378,test@email4921378,GA,ENGINEERING,Nerd,2017-02-08 20:27:32,2017-02-08 20:27:32,1
49,Jessica2626781,test2626781,test@email2626781,GA,TECHNOLOGY,Senior Nerd,2017-02-08 20:27:32,2017-02-08 20:27:32,1
50,Jessica1275865,test1275865,test@email1275865,GA,CULTURE,Junior Nerd,2017-02-08 20:27:32,2017-02-08 20:27:32,1
51,Jessica2496971,test2496971,test@email2496971,HI,SCIENCE,Master Nerd,2017-02-08 20:27:32,2017-02-08 20:27:32,1
52,Jessica7245740,test7245740,test@email7245740,HI,CULTURE,Super Nerd,2017-02-08 20:27:32,2017-02-08 20:27:32,1
53,Jessica3944098,test3944098,test@email3944098,HI,ENGINEERING,Nerd,2017-02-08 20:27:32,2017-02-08 20:27:32,1
54,Jessica8868364,test8868364,test@email8868364,HI,TECHNOLOGY,Senior Nerd,2017-02-08 20:27:32,2017-02-08 20:27:32,1
55,Jessica6649482,test6649482,test@email6649482,HI,CULTURE,Junior Nerd,2017-02-08 20:27:32,2017-02-08 20:27:32,1
56,Jessica6921324,test6921324,test@email6921324,ID,SCIENCE,Master Nerd,2017-02-08 20:27:32,2017-02-08 20:27:32,1
57,Jessica1030577,test1030577,test@email1030577,ID,CULTURE,Super Nerd,2017-02-08 20:27:32,2017-02-08 20:27:32,1
58,Jessica5266348,test5266348,test@email5266348,ID,ENGINEERING,Nerd,2017-02-08 20:27:32,2017-02-08 20:27:32,1
59,Jessica4969598,test4969598,test@email4969598,ID,TECHNOLOGY,Senior Nerd,2017-02-08 20:27:32,2017-02-08 20:27:32,1
60,Jessica9598565,test9598565,test@email9598565,ID,CULTURE,Junior Nerd,2017-02-08 20:27:32,2017-02-08 20:27:32,1
61,Jessica8826423,test8826423,test@email8826423,IL,SCIENCE,Master Nerd,2017-02-08 20:27:32,2017-02-08 20:27:32,1
62,Jessica2767937,test2767937,test@email2767937,IL,CULTURE,Super Nerd,2017-02-08 20:27:32,2017-02-08 20:27:32,1
63,Jessica8638117,test8638117,test@email8638117,IL,ENGINEERING,Nerd,2017-02-08 20:27:32,2017-02-08 20:27:32,1
64,Jessica8524971,test8524971,test@email8524971,IL,TECHNOLOGY,Senior Nerd,2017-02-08 20:27:32,2017-02-08 20:27:32,1
65,Jessica6694341,test6694341,test@email6694341,IL,CULTURE,Junior Nerd,2017-02-08 20:27:32,2017-02-08 20:27:32,1
66,Jessica8947288,test8947288,test@email8947288,IN,SCIENCE,Master Nerd,2017-02-08 20:27:32,2017-02-08 20:27:32,1
67,Jessica2168535,test2168535,test@email2168535,IN,CULTURE,Super Nerd,2017-02-08 20:27:32,2017-02-08 20:27:32,1
68,Jessica4808217,test4808217,test@email4808217,IN,ENGINEERING,Nerd,2017-02-08 20:27:32,2017-02-08 20:27:32,1
69,Jessica4675468,test4675468,test@email4675468,IN,TECHNOLOGY,Senior Nerd,2017-02-08 20:27:32,2017-02-08 20:27:32,1
70,Jessica3456160,test3456160,test@email3456160,IN,CULTURE,Junior Nerd,2017-02-08 20:27:32,2017-02-08 20:27:32,1
71,Jessica6727987,test6727987,test@email6727987,IA,SCIENCE,Master Nerd,2017-02-08 20:27:32,2017-02-08 20:27:32,1
72,Jessica5332161,test5332161,test@email5332161,IA,CULTURE,Super Nerd,2017-02-08 20:27:32,2017-02-08 20:27:32,1
73,Jessica348721,test348721,test@email348721,IA,ENGINEERING,Nerd,2017-02-08 20:27:32,2017-02-08 20:27:32,1
74,Jessica7415833,test7415833,test@email7415833,IA,TECHNOLOGY,Senior Nerd,2017-02-08 20:27:32,2017-02-08 20:27:32,1
75,Jessica6327961,test6327961,test@email6327961,IA,CULTURE,Junior Nerd,2017-02-08 20:27:32,2017-02-08 20:27:32,1
76,Jessica1601485,test1601485,test@email1601485,KS,SCIENCE,Master Nerd,2017-02-08 20:27:32,2017-02-08 20:27:32,1
77,Jessica3500480,test3500480,test@email3500480,KS,CULTURE,Super Nerd,2017-02-08 20:27:32,2017-02-08 20:27:32,1
78,Jessica6541412,test6541412,test@email6541412,KS,ENGINEERING,Nerd,2017-02-08 20:27:32,2017-02-08 20:27:32,1
79,Jessica6694689,test6694689,test@email6694689,KS,TECHNOLOGY,Senior Nerd,2017-02-08 20:27:32,2017-02-08 20:27:32,1
80,Jessica1735896,test1735896,test@email1735896,KS,CULTURE,Junior Nerd,2017-02-08 20:27:32,2017-02-08 20:27:32,1
81,Jessica1345113,test1345113,test@email1345113,KY,SCIENCE,Master Nerd,2017-02-08 20:27:32,2017-02-08 20:27:32,1
82,Jessica2174639,test2174639,test@email2174639,KY,CULTURE,Super Nerd,2017-02-08 20:27:32,2017-02-08 20:27:32,1
83,Jessica7730354,test7730354,test@email7730354,KY,ENGINEERING,Nerd,2017-02-08 20:27:32,2017-02-08 20:27:32,1
84,Jessica6153426,test6153426,test@email6153426,KY,TECHNOLOGY,Senior Nerd,2017-02-08 20:27:32,2017-02-08 20:27:32,1
85,Jessica3813381,test3813381,test@email3813381,KY,CULTURE,Junior Nerd,2017-02-08 20:27:32,2017-02-08 20:27:32,1
86,Jessica5408679,test5408679,test@email5408679,LA,SCIENCE,Master Nerd,2017-02-08 20:27:32,2017-02-08 20:27:32,1
87,Jessica973206,test973206,test@email973206,LA,CULTURE,Super Nerd,2017-02-08 20:27:32,2017-02-08 20:27:32,1
88,Jessica3949543,test3949543,test@email3949543,LA,ENGINEERING,Nerd,2017-02-08 20:27:32,2017-02-08 20:27:32,1
89,Jessica4056899,test4056899,test@email4056899,LA,TECHNOLOGY,Senior Nerd,2017-02-08 20:27:32,2017-02-08 20:27:32,1
90,Jessica1294732,test1294732,test@email1294732,LA,CULTURE,Junior Nerd,2017-02-08 20:27:32,2017-02-08 20:27:32,1
91,Jessica7513982,test7513982,test@email7513982,ME,SCIENCE,Master Nerd,2017-02-08 20:27:32,2017-02-08 20:27:32,1
92,Jessica776071,test776071,test@email776071,ME,CULTURE,Super Nerd,2017-02-08 20:27:32,2017-02-08 20:27:32,1
93,Jessica1673449,test1673449,test@email1673449,ME,ENGINEERING,Nerd,2017-02-08 20:27:32,2017-02-08 20:27:32,1
94,Jessica1603730,test1603730,test@email1603730,ME,TECHNOLOGY,Senior Nerd,2017-02-08 20:27:32,2017-02-08 20:27:32,1
95,Jessica3720886,test3720886,test@email3720886,ME,CULTURE,Junior Nerd,2017-02-08 20:27:32,2017-02-08 20:27:32,1
96,Jessica6023269,test6023269,test@email6023269,MD,SCIENCE,Master Nerd,2017-02-08 20:27:32,2017-02-08 20:27:32,1
97,Jessica4771640,test4771640,test@email4771640,MD,CULTURE,Super Nerd,2017-02-08 20:27:32,2017-02-08 20:27:32,1
98,Jessica7081905,test7081905,test@email7081905,MD,ENGINEERING,Nerd,2017-02-08 20:27:32,2017-02-08 20:27:32,1
99,Jessica1087863,test1087863,test@email1087863,MD,TECHNOLOGY,Senior Nerd,2017-02-08 20:27:32,2017-02-08 20:27:32,1
100,Jessica6573245,test6573245,test@email6573245,MD,CULTURE,Junior Nerd,2017-02-08 20:27:32,2017-02-08 20:27:32,1
101,Jessica5242469,test5242469,test@email5242469,MA,SCIENCE,Master Nerd,2017-02-08 20:27:32,2017-02-08 20:27:32,1
102,Jessica4612322,test4612322,test@email4612322,MA,CULTURE,Super Nerd,2017-02-08 20:27:32,2017-02-08 20:27:32,1
103,Jessica2274416,test2274416,test@email2274416,MA,ENGINEERING,Nerd,2017-02-08 20:27:32,2017-02-08 20:27:32,1
104,Jessica3707439,test3707439,test@email3707439,MA,TECHNOLOGY,Senior Nerd,2017-02-08 20:27:32,2017-02-08 20:27:32,1
105,Jessica7025798,test7025798,test@email7025798,MA,CULTURE,Junior Nerd,2017-02-08 20:27:32,2017-02-08 20:27:32,1
106,Jessica8703735,test8703735,test@email8703735,MI,SCIENCE,Master Nerd,2017-02-08 20:27:32,2017-02-08 20:27:32,1
107,Jessica7578895,test7578895,test@email7578895,MI,CULTURE,Super Nerd,2017-02-08 20:27:32,2017-02-08 20:27:32,1
108,Jessica6480625,test6480625,test@email6480625,MI,ENGINEERING,Nerd,2017-02-08 20:27:32,2017-02-08 20:27:32,1
109,Jessica9813443,test9813443,test@email9813443,MI,TECHNOLOGY,Senior Nerd,2017-02-08 20:27:32,2017-02-08 20:27:32,1
110,Jessica6675082,test6675082,test@email6675082,MI,CULTURE,Junior Nerd,2017-02-08 20:27:32,2017-02-08 20:27:32,1
111,Jessica1563641,test1563641,test@email1563641,MN,SCIENCE,Master Nerd,2017-02-08 20:27:32,2017-02-08 20:27:32,1
112,Jessica7801816,test7801816,test@email7801816,MN,CULTURE,Super Nerd,2017-02-08 20:27:32,2017-02-08 20:27:32,1
113,Jessica6437266,test6437266,test@email6437266,MN,ENGINEERING,Nerd,2017-02-08 20:27:32,2017-02-08 20:27:32,1
114,Jessica4172466,test4172466,test@email4172466,MN,TECHNOLOGY,Senior Nerd,2017-02-08 20:27:32,2017-02-08 20:27:32,1
115,Jessica6473305,test6473305,test@email6473305,MN,CULTURE,Junior Nerd,2017-02-08 20:27:32,2017-02-08 20:27:32,1
116,Jessica2272386,test2272386,test@email2272386,MS,SCIENCE,Master Nerd,2017-02-08 20:27:32,2017-02-08 20:27:32,1
117,Jessica5151300,test5151300,test@email5151300,MS,CULTURE,Super Nerd,2017-02-08 20:27:32,2017-02-08 20:27:32,1
118,Jessica2148832,test2148832,test@email2148832,MS,ENGINEERING,Nerd,2017-02-08 20:27:32,2017-02-08 20:27:32,1
119,Jessica1579619,test1579619,test@email1579619,MS,TECHNOLOGY,Senior Nerd,2017-02-08 20:27:32,2017-02-08 20:27:32,1
120,Jessica1871908,test1871908,test@email1871908,MS,CULTURE,Junior Nerd,2017-02-08 20:27:32,2017-02-08 20:27:32,1
121,Jessica10081841,test10081841,test@email10081841,MO,SCIENCE,Master Nerd,2017-02-08 20:27:32,2017-02-08 20:27:32,1
122,Jessica590619,test590619,test@email590619,MO,CULTURE,Super Nerd,2017-02-08 20:27:32,2017-02-08 20:27:32,1
123,Jessica1595864,test1595864,test@email1595864,MO,ENGINEERING,Nerd,2017-02-08 20:27:32,2017-02-08 20:27:32,1
124,Jessica7522384,test7522384,test@email7522384,MO,TECHNOLOGY,Senior Nerd,2017-02-08 20:27:32,2017-02-08 20:27:32,1
125,Jessica8490260,test8490260,test@email8490260,MO,CULTURE,Junior Nerd,2017-02-08 20:27:32,2017-02-08 20:27:32,1
126,Jessica278068,test278068,test@email278068,MT,SCIENCE,Master Nerd,2017-02-08 20:27:32,2017-02-08 20:27:32,1
127,Jessica387370,test387370,test@email387370,MT,CULTURE,Super Nerd,2017-02-08 20:27:32,2017-02-08 20:27:32,1
128,Jessica156033,test156033,test@email156033,MT,ENGINEERING,Nerd,2017-02-08 20:27:32,2017-02-08 20:27:32,1
129,Jessica6658983,test6658983,test@email6658983,MT,TECHNOLOGY,Senior Nerd,2017-02-08 20:27:32,2017-02-08 20:27:32,1
130,Jessica6656752,test6656752,test@email6656752,MT,CULTURE,Junior Nerd,2017-02-08 20:27:32,2017-02-08 20:27:32,1
131,Jessica962637,test962637,test@email962637,NE,SCIENCE,Master Nerd,2017-02-08 20:27:32,2017-02-08 20:27:32,1
132,Jessica1795815,test1795815,test@email1795815,NE,CULTURE,Super Nerd,2017-02-08 20:27:32,2017-02-08 20:27:32,1
133,Jessica4496388,test4496388,test@email4496388,NE,ENGINEERING,Nerd,2017-02-08 20:27:32,2017-02-08 20:27:32,1
134,Jessica6426321,test6426321,test@email6426321,NE,TECHNOLOGY,Senior Nerd,2017-02-08 20:27:32,2017-02-08 20:27:32,1
135,Jessica9814150,test9814150,test@email9814150,NE,CULTURE,Junior Nerd,2017-02-08 20:27:32,2017-02-08 20:27:32,1
136,Jessica8860578,test8860578,test@email8860578,NV,SCIENCE,Master Nerd,2017-02-08 20:27:32,2017-02-08 20:27:32,1
137,Jessica6552136,test6552136,test@email6552136,NV,CULTURE,Super Nerd,2017-02-08 20:27:32,2017-02-08 20:27:32,1
138,Jessica462183,test462183,test@email462183,NV,ENGINEERING,Nerd,2017-02-08 20:27:32,2017-02-08 20:27:32,1
139,Jessica5302104,test5302104,test@email5302104,NV,TECHNOLOGY,Senior Nerd,2017-02-08 20:27:32,2017-02-08 20:27:32,1
140,Jessica2906387,test2906387,test@email2906387,NV,CULTURE,Junior Nerd,2017-02-08 20:27:32,2017-02-08 20:27:32,1
141,Jessica5385488,test5385488,test@email5385488,NH,SCIENCE,Master Nerd,2017-02-08 20:27:32,2017-02-08 20:27:32,1
142,Jessica3078816,test3078816,test@email3078816,NH,CULTURE,Super Nerd,2017-02-08 20:27:32,2017-02-08 20:27:32,1
143,Jessica7333693,test7333693,test@email7333693,NH,ENGINEERING,Nerd,2017-02-08 20:27:32,2017-02-08 20:27:32,1
144,Jessica858801,test858801,test@email858801,NH,TECHNOLOGY,Senior Nerd,2017-02-08 20:27:32,2017-02-08 20:27:32,1
145,Jessica8262613,test8262613,test@email8262613,NH,CULTURE,Junior Nerd,2017-02-08 20:27:32,2017-02-08 20:27:32,1
146,Jessica928512,test928512,test@email928512,NJ,SCIENCE,Master Nerd,2017-02-08 20:27:32,2017-02-08 20:27:32,1
147,Jessica4967861,test4967861,test@email4967861,NJ,CULTURE,Super Nerd,2017-02-08 20:27:32,2017-02-08 20:27:32,1
148,Jessica1561261,test1561261,test@email1561261,NJ,ENGINEERING,Nerd,2017-02-08 20:27:32,2017-02-08 20:27:32,1
149,Jessica8981596,test8981596,test@email8981596,NJ,TECHNOLOGY,Senior Nerd,2017-02-08 20:27:32,2017-02-08 20:27:32,1
150,Jessica2708123,test2708123,test@email2708123,NJ,CULTURE,Junior Nerd,2017-02-08 20:27:32,2017-02-08 20:27:32,1
151,Jessica670763,test670763,test@email670763,NM,SCIENCE,Master Nerd,2017-02-08 20:27:32,2017-02-08 20:27:32,1
152,Jessica8676750,test8676750,test@email8676750,NM,CULTURE,Super Nerd,2017-02-08 20:27:32,2017-02-08 20:27:32,1
153,Jessica673071,test673071,test@email673071,NM,ENGINEERING,Nerd,2017-02-08 20:27:32,2017-02-08 20:27:32,1
154,Jessica7261460,test7261460,test@email7261460,NM,TECHNOLOGY,Senior Nerd,2017-02-08 20:27:32,2017-02-08 20:27:32,1
155,Jessica6816135,test6816135,test@email6816135,NM,CULTURE,Junior Nerd,2017-02-08 20:27:32,2017-02-08 20:27:32,1
156,Jessica7723686,test7723686,test@email7723686,NY,SCIENCE,Master Nerd,2017-02-08 20:27:32,2017-02-08 20:27:32,1
157,Jessica6492209,test6492209,test@email6492209,NY,CULTURE,Super Nerd,2017-02-08 20:27:32,2017-02-08 20:27:32,1
158,Jessica2858253,test2858253,test@email2858253,NY,ENGINEERING,Nerd,2017-02-08 20:27:32,2017-02-08 20:27:32,1
159,Jessica8698041,test8698041,test@email8698041,NY,TECHNOLOGY,Senior Nerd,2017-02-08 20:27:32,2017-02-08 20:27:32,1
160,Jessica8471711,test8471711,test@email8471711,NY,CULTURE,Junior Nerd,2017-02-08 20:27:32,2017-02-08 20:27:32,1
161,Jessica8612042,test8612042,test@email8612042,NC,SCIENCE,Master Nerd,2017-02-08 20:27:32,2017-02-08 20:27:32,1
162,Jessica5540695,test5540695,test@email5540695,NC,CULTURE,Super Nerd,2017-02-08 20:27:32,2017-02-08 20:27:32,1
163,Jessica3837053,test3837053,test@email3837053,NC,ENGINEERING,Nerd,2017-02-08 20:27:32,2017-02-08 20:27:32,1
164,Jessica2651278,test2651278,test@email2651278,NC,TECHNOLOGY,Senior Nerd,2017-02-08 20:27:32,2017-02-08 20:27:32,1
165,Jessica8181245,test8181245,test@email8181245,NC,CULTURE,Junior Nerd,2017-02-08 20:27:32,2017-02-08 20:27:32,1
166,Jessica5301340,test5301340,test@email5301340,ND,SCIENCE,Master Nerd,2017-02-08 20:27:32,2017-02-08 20:27:32,1
167,Jessica2808050,test2808050,test@email2808050,ND,CULTURE,Super Nerd,2017-02-08 20:27:32,2017-02-08 20:27:32,1
168,Jessica8212785,test8212785,test@email8212785,ND,ENGINEERING,Nerd,2017-02-08 20:27:32,2017-02-08 20:27:32,1
169,Jessica2357346,test2357346,test@email2357346,ND,TECHNOLOGY,Senior Nerd,2017-02-08 20:27:32,2017-02-08 20:27:32,1
170,Jessica1017414,test1017414,test@email1017414,ND,CULTURE,Junior Nerd,2017-02-08 20:27:32,2017-02-08 20:27:32,1
171,Jessica5963605,test5963605,test@email5963605,OH,SCIENCE,Master Nerd,2017-02-08 20:27:32,2017-02-08 20:27:32,1
172,Jessica8734849,test8734849,test@email8734849,OH,CULTURE,Super Nerd,2017-02-08 20:27:32,2017-02-08 20:27:32,1
173,Jessica2320915,test2320915,test@email2320915,OH,ENGINEERING,Nerd,2017-02-08 20:27:32,2017-02-08 20:27:32,1
174,Jessica127379,test127379,test@email127379,OH,TECHNOLOGY,Senior Nerd,2017-02-08 20:27:32,2017-02-08 20:27:32,1
175,Jessica2756283,test2756283,test@email2756283,OH,CULTURE,Junior Nerd,2017-02-08 20:27:32,2017-02-08 20:27:32,1
176,Jessica809190,test809190,test@email809190,OK,SCIENCE,Master Nerd,2017-02-08 20:27:32,2017-02-08 20:27:32,1
177,Jessica2308785,test2308785,test@email2308785,OK,CULTURE,Super Nerd,2017-02-08 20:27:32,2017-02-08 20:27:32,1
178,Jessica8330655,test8330655,test@email8330655,OK,ENGINEERING,Nerd,2017-02-08 20:27:32,2017-02-08 20:27:32,1
179,Jessica3696300,test3696300,test@email3696300,OK,TECHNOLOGY,Senior Nerd,2017-02-08 20:27:32,2017-02-08 20:27:32,1
180,Jessica3880284,test3880284,test@email3880284,OK,CULTURE,Junior Nerd,2017-02-08 20:27:32,2017-02-08 20:27:32,1
181,Jessica9652314,test9652314,test@email9652314,OR,SCIENCE,Master Nerd,2017-02-08 20:27:32,2017-02-08 20:27:32,1
182,Jessica5772929,test5772929,test@email5772929,OR,CULTURE,Super Nerd,2017-02-08 20:27:32,2017-02-08 20:27:32,1
183,Jessica1788290,test1788290,test@email1788290,OR,ENGINEERING,Nerd,2017-02-08 20:27:32,2017-02-08 20:27:32,1
184,Jessica5597250,test5597250,test@email5597250,OR,TECHNOLOGY,Senior Nerd,2017-02-08 20:27:32,2017-02-08 20:27:32,1
185,Jessica6236561,test6236561,test@email6236561,OR,CULTURE,Junior Nerd,2017-02-08 20:27:32,2017-02-08 20:27:32,1
186,Jessica3183263,test3183263,test@email3183263,PA,SCIENCE,Master Nerd,2017-02-08 20:27:32,2017-02-08 20:27:32,1
187,Jessica3239420,test3239420,test@email3239420,PA,CULTURE,Super Nerd,2017-02-08 20:27:32,2017-02-08 20:27:32,1
188,Jessica5716509,test5716509,test@email5716509,PA,ENGINEERING,Nerd,2017-02-08 20:27:32,2017-02-08 20:27:32,1
189,Jessica3200003,test3200003,test@email3200003,PA,TECHNOLOGY,Senior Nerd,2017-02-08 20:27:32,2017-02-08 20:27:32,1
190,Jessica9041264,test9041264,test@email9041264,PA,CULTURE,Junior Nerd,2017-02-08 20:27:32,2017-02-08 20:27:32,1
191,Jessica6661110,test6661110,test@email6661110,RI,SCIENCE,Master Nerd,2017-02-08 20:27:32,2017-02-08 20:27:32,1
192,Jessica5109054,test5109054,test@email5109054,RI,CULTURE,Super Nerd,2017-02-08 20:27:32,2017-02-08 20:27:32,1
193,Jessica6837619,test6837619,test@email6837619,RI,ENGINEERING,Nerd,2017-02-08 20:27:32,2017-02-08 20:27:32,1
194,Jessica5388245,test5388245,test@email5388245,RI,TECHNOLOGY,Senior Nerd,2017-02-08 20:27:32,2017-02-08 20:27:32,1
195,Jessica6373935,test6373935,test@email6373935,RI,CULTURE,Junior Nerd,2017-02-08 20:27:32,2017-02-08 20:27:32,1
196,Jessica8337845,test8337845,test@email8337845,SC,SCIENCE,Master Nerd,2017-02-08 20:27:32,2017-02-08 20:27:32,1
197,Jessica6994318,test6994318,test@email6994318,SC,CULTURE,Super Nerd,2017-02-08 20:27:32,2017-02-08 20:27:32,1
198,Jessica4015372,test4015372,test@email4015372,SC,ENGINEERING,Nerd,2017-02-08 20:27:32,2017-02-08 20:27:32,1
199,Jessica1298595,test1298595,test@email1298595,SC,TECHNOLOGY,Senior Nerd,2017-02-08 20:27:32,2017-02-08 20:27:32,1
200,Jessica1495401,test1495401,test@email1495401,SC,CULTURE,Junior Nerd,2017-02-08 20:27:32,2017-02-08 20:27:32,1
201,Jessica5507421,test5507421,test@email5507421,SD,SCIENCE,Master Nerd,2017-02-08 20:27:32,2017-02-08 20:27:32,1
202,Jessica1758731,test1758731,test@email1758731,SD,CULTURE,Super Nerd,2017-02-08 20:27:32,2017-02-08 20:27:32,1
203,Jessica6248014,test6248014,test@email6248014,SD,ENGINEERING,Nerd,2017-02-08 20:27:32,2017-02-08 20:27:32,1
204,Jessica6511993,test6511993,test@email6511993,SD,TECHNOLOGY,Senior Nerd,2017-02-08 20:27:32,2017-02-08 20:27:32,1
205,Jessica5846462,test5846462,test@email5846462,SD,CULTURE,Junior Nerd,2017-02-08 20:27:32,2017-02-08 20:27:32,1
206,Jessica1372647,test1372647,test@email1372647,TN,SCIENCE,Master Nerd,2017-02-08 20:27:32,2017-02-08 20:27:32,1
207,Jessica1393899,test1393899,test@email1393899,TN,CULTURE,Super Nerd,2017-02-08 20:27:32,2017-02-08 20:27:32,1
208,Jessica2512556,test2512556,test@email2512556,TN,ENGINEERING,Nerd,2017-02-08 20:27:32,2017-02-08 20:27:32,1
209,Jessica5149262,test5149262,test@email5149262,TN,TECHNOLOGY,Senior Nerd,2017-02-08 20:27:32,2017-02-08 20:27:32,1
210,Jessica1609215,test1609215,test@email1609215,TN,CULTURE,Junior Nerd,2017-02-08 20:27:32,2017-02-08 20:27:32,1
211,Jessica9282082,test9282082,test@email9282082,TX,SCIENCE,Master Nerd,2017-02-08 20:27:32,2017-02-08 20:27:32,1
212,Jessica9027305,test9027305,test@email9027305,TX,CULTURE,Super Nerd,2017-02-08 20:27:32,2017-02-08 20:27:32,1
213,Jessica4632033,test4632033,test@email4632033,TX,ENGINEERING,Nerd,2017-02-08 20:27:32,2017-02-08 20:27:32,1
214,Jessica1175618,test1175618,test@email1175618,TX,TECHNOLOGY,Senior Nerd,2017-02-08 20:27:32,2017-02-08 20:27:32,1
215,Jessica9742691,test9742691,test@email9742691,TX,CULTURE,Junior Nerd,2017-02-08 20:27:32,2017-02-08 20:27:32,1
216,Jessica8925542,test8925542,test@email8925542,UT,SCIENCE,Master Nerd,2017-02-08 20:27:32,2017-02-08 20:27:32,1
217,Jessica2521100,test2521100,test@email2521100,UT,CULTURE,Super Nerd,2017-02-08 20:27:32,2017-02-08 20:27:32,1
218,Jessica6084804,test6084804,test@email6084804,UT,ENGINEERING,Nerd,2017-02-08 20:27:32,2017-02-08 20:27:32,1
219,Jessica6376927,test6376927,test@email6376927,UT,TECHNOLOGY,Senior Nerd,2017-02-08 20:27:32,2017-02-08 20:27:32,1
220,Jessica1330777,test1330777,test@email1330777,UT,CULTURE,Junior Nerd,2017-02-08 20:27:32,2017-02-08 20:27:32,1
221,Jessica4694081,test4694081,test@email4694081,VT,SCIENCE,Master Nerd,2017-02-08 20:27:32,2017-02-08 20:27:32,1
222,Jessica1554383,test1554383,test@email1554383,VT,CULTURE,Super Nerd,2017-02-08 20:27:32,2017-02-08 20:27:32,1
223,Jessica2544692,test2544692,test@email2544692,VT,ENGINEERING,Nerd,2017-02-08 20:27:32,2017-02-08 20:27:32,1
224,Jessica412562,test412562,test@email412562,VT,TECHNOLOGY,Senior Nerd,2017-02-08 20:27:32,2017-02-08 20:27:32,1
225,Jessica8807645,test8807645,test@email8807645,VT,CULTURE,Junior Nerd,2017-02-08 20:27:32,2017-02-08 20:27:32,1
226,Jessica160421,test160421,test@email160421,VA,SCIENCE,Master Nerd,2017-02-08 20:27:32,2017-02-08 20:27:32,1
227,Jessica5648594,test5648594,test@email5648594,VA,CULTURE,Super Nerd,2017-02-08 20:27:32,2017-02-08 20:27:32,1
228,Jessica2589346,test2589346,test@email2589346,VA,ENGINEERING,Nerd,2017-02-08 20:27:32,2017-02-08 20:27:32,1
229,Jessica9926069,test9926069,test@email9926069,VA,TECHNOLOGY,Senior Nerd,2017-02-08 20:27:32,2017-02-08 20:27:32,1
230,Jessica4952965,test4952965,test@email4952965,VA,CULTURE,Junior Nerd,2017-02-08 20:27:32,2017-02-08 20:27:32,1
231,Jessica942516,test942516,test@email942516,WA,SCIENCE,Master Nerd,2017-02-08 20:27:32,2017-02-08 20:27:32,1
232,Jessica426662,test426662,test@email426662,WA,CULTURE,Super Nerd,2017-02-08 20:27:32,2017-02-08 20:27:32,1
233,Jessica7552845,test7552845,test@email7552845,WA,ENGINEERING,Nerd,2017-02-08 20:27:32,2017-02-08 20:27:32,1
234,Jessica4847159,test4847159,test@email4847159,WA,TECHNOLOGY,Senior Nerd,2017-02-08 20:27:32,2017-02-08 20:27:32,1
235,Jessica1506631,test1506631,test@email1506631,WA,CULTURE,Junior Nerd,2017-02-08 20:27:32,2017-02-08 20:27:32,1
236,Jessica9881781,test9881781,test@email9881781,WV,SCIENCE,Master Nerd,2017-02-08 20:27:32,2017-02-08 20:27:32,1
237,Jessica8270211,test8270211,test@email8270211,WV,CULTURE,Super Nerd,2017-02-08 20:27:32,2017-02-08 20:27:32,1
238,Jessica2096174,test2096174,test@email2096174,WV,ENGINEERING,Nerd,2017-02-08 20:27:32,2017-02-08 20:27:32,1
239,Jessica5250574,test5250574,test@email5250574,WV,TECHNOLOGY,Senior Nerd,2017-02-08 20:27:32,2017-02-08 20:27:32,1
240,Jessica739390,test739390,test@email739390,WV,CULTURE,Junior Nerd,2017-02-08 20:27:32,2017-02-08 20:27:32,1
241,Jessica5485820,test5485820,test@email5485820,WI,SCIENCE,Master Nerd,2017-02-08 20:27:32,2017-02-08 20:27:32,1
242,Jessica2008361,test2008361,test@email2008361,WI,CULTURE,Super Nerd,2017-02-08 20:27:32,2017-02-08 20:27:32,1
243,Jessica699147,test699147,test@email699147,WI,ENGINEERING,Nerd,2017-02-08 20:27:32,2017-02-08 20:27:32,1
244,Jessica6153476,test6153476,test@email6153476,WI,TECHNOLOGY,Senior Nerd,2017-02-08 20:27:32,2017-02-08 20:27:32,1
245,Jessica2191374,test2191374,test@email2191374,WI,CULTURE,Junior Nerd,2017-02-08 20:27:32,2017-02-08 20:27:32,1
246,Jessica887032,test887032,test@email887032,WY,SCIENCE,Master Nerd,2017-02-08 20:27:32,2017-02-08 20:27:32,1
247,Jessica227233,test227233,test@email227233,WY,CULTURE,Super Nerd,2017-02-08 20:27:32,2017-02-08 20:27:32,1
248,Jessica4344985,test4344985,test@email4344985,WY,ENGINEERING,Nerd,2017-02-08 20:27:32,2017-02-08 20:27:32,1
249,Jessica5058065,test5058065,test@email5058065,WY,TECHNOLOGY,Senior Nerd,2017-02-08 20:27:32,2017-02-08 20:27:32,1
250,Jessica2618131,test2618131,test@email2618131,WY,CULTURE,Junior Nerd,2017-02-08 20:27:32,2017-02-08 20:27:32,1
251,Jessica9474539,test9474539,test@email9474539,DC,SCIENCE,Master Nerd,2017-02-08 20:27:32,2017-02-08 20:27:32,1
252,Jessica1698966,test1698966,test@email1698966,DC,CULTURE,Super Nerd,2017-02-08 20:27:32,2017-02-08 20:27:32,1
253,Jessica7993885,test7993885,test@email7993885,DC,ENGINEERING,Nerd,2017-02-08 20:27:32,2017-02-08 20:27:32,1
254,Jessica393510,test393510,test@email393510,DC,TECHNOLOGY,Senior Nerd,2017-02-08 20:27:32,2017-02-08 20:27:32,1
255,Jessica4893008,test4893008,test@email4893008,DC,CULTURE,Junior Nerd,2017-02-08 20:27:32,2017-02-08 20:27:32,1
256,Fiona1638173,test1638173,test@email1638173,ALA,SCIENCE,Master Nerd,2017-02-08 20:27:32,2017-02-08 20:27:32,1
257,Fiona7582653,test7582653,test@email7582653,ALA,CULTURE,Super Nerd,2017-02-08 20:27:32,2017-02-08 20:27:32,1
258,Fiona4015300,test4015300,test@email4015300,ALA,ENGINEERING,Nerd,2017-02-08 20:27:32,2017-02-08 20:27:32,1
259,Fiona2974482,test2974482,test@email2974482,ALA,TECHNOLOGY,Senior Nerd,2017-02-08 20:27:32,2017-02-08 20:27:32,1
260,Fiona9551262,test9551262,test@email9551262,ALA,CULTURE,Junior Nerd,2017-02-08 20:27:32,2017-02-08 20:27:32,1
261,Fiona6540813,test6540813,test@email6540813,AK,SCIENCE,Master Nerd,2017-02-08 20:27:32,2017-02-08 20:27:32,1
262,Fiona7205799,test7205799,test@email7205799,AK,CULTURE,Super Nerd,2017-02-08 20:27:32,2017-02-08 20:27:32,1
263,Fiona7166491,test7166491,test@email7166491,AK,ENGINEERING,Nerd,2017-02-08 20:27:32,2017-02-08 20:27:32,1
264,Fiona9565354,test9565354,test@email9565354,AK,TECHNOLOGY,Senior Nerd,2017-02-08 20:27:32,2017-02-08 20:27:32,1
265,Fiona8595681,test8595681,test@email8595681,AK,CULTURE,Junior Nerd,2017-02-08 20:27:32,2017-02-08 20:27:32,1
266,Fiona8667472,test8667472,test@email8667472,ARZ,SCIENCE,Master Nerd,2017-02-08 20:27:32,2017-02-08 20:27:32,1
267,Fiona2428169,test2428169,test@email2428169,ARZ,CULTURE,Super Nerd,2017-02-08 20:27:32,2017-02-08 20:27:32,1
268,Fiona3929684,test3929684,test@email3929684,ARZ,ENGINEERING,Nerd,2017-02-08 20:27:32,2017-02-08 20:27:32,1
269,Fiona8901805,test8901805,test@email8901805,ARZ,TECHNOLOGY,Senior Nerd,2017-02-08 20:27:32,2017-02-08 20:27:32,1
270,Fiona9052265,test9052265,test@email9052265,ARZ,CULTURE,Junior Nerd,2017-02-08 20:27:32,2017-02-08 20:27:32,1
271,Fiona2114960,test2114960,test@email2114960,AR,SCIENCE,Master Nerd,2017-02-08 20:27:32,2017-02-08 20:27:32,1
272,Fiona4691223,test4691223,test@email4691223,AR,CULTURE,Super Nerd,2017-02-08 20:27:32,2017-02-08 20:27:32,1
273,Fiona9828759,test9828759,test@email9828759,AR,ENGINEERING,Nerd,2017-02-08 20:27:32,2017-02-08 20:27:32,1
274,Fiona3140781,test3140781,test@email3140781,AR,TECHNOLOGY,Senior Nerd,2017-02-08 20:27:32,2017-02-08 20:27:32,1
275,Fiona7952899,test7952899,test@email7952899,AR,CULTURE,Junior Nerd,2017-02-08 20:27:32,2017-02-08 20:27:32,1
276,Fiona7863349,test7863349,test@email7863349,CA,SCIENCE,Master Nerd,2017-02-08 20:27:32,2017-02-08 20:27:32,1
277,Fiona4872573,test4872573,test@email4872573,CA,CULTURE,Super Nerd,2017-02-08 20:27:32,2017-02-08 20:27:32,1
278,Fiona442728,test442728,test@email442728,CA,ENGINEERING,Nerd,2017-02-08 20:27:32,2017-02-08 20:27:32,1
279,Fiona4240229,test4240229,test@email4240229,CA,TECHNOLOGY,Senior Nerd,2017-02-08 20:27:32,2017-02-08 20:27:32,1
280,Fiona1310565,test1310565,test@email1310565,CA,CULTURE,Junior Nerd,2017-02-08 20:27:32,2017-02-08 20:27:32,1
281,Fiona1511688,test1511688,test@email1511688,CO,SCIENCE,Master Nerd,2017-02-08 20:27:32,2017-02-08 20:27:32,1
282,Fiona8313337,test8313337,test@email8313337,CO,CULTURE,Super Nerd,2017-02-08 20:27:32,2017-02-08 20:27:32,1
283,Fiona5053014,test5053014,test@email5053014,CO,ENGINEERING,Nerd,2017-02-08 20:27:32,2017-02-08 20:27:32,1
284,Fiona9836224,test9836224,test@email9836224,CO,TECHNOLOGY,Senior Nerd,2017-02-08 20:27:32,2017-02-08 20:27:32,1
285,Fiona2338073,test2338073,test@email2338073,CO,CULTURE,Junior Nerd,2017-02-08 20:27:32,2017-02-08 20:27:32,1
286,Fiona5422490,test5422490,test@email5422490,CT,SCIENCE,Master Nerd,2017-02-08 20:27:32,2017-02-08 20:27:32,1
287,Fiona1125444,test1125444,test@email1125444,CT,CULTURE,Super Nerd,2017-02-08 20:27:32,2017-02-08 20:27:32,1
288,Fiona8885981,test8885981,test@email8885981,CT,ENGINEERING,Nerd,2017-02-08 20:27:32,2017-02-08 20:27:32,1
289,Fiona1316828,test1316828,test@email1316828,CT,TECHNOLOGY,Senior Nerd,2017-02-08 20:27:32,2017-02-08 20:27:32,1
290,Fiona5582346,test5582346,test@email5582346,CT,CULTURE,Junior Nerd,2017-02-08 20:27:32,2017-02-08 20:27:32,1
291,Fiona4453828,test4453828,test@email4453828,DE,SCIENCE,Master Nerd,2017-02-08 20:27:32,2017-02-08 20:27:32,1
292,Fiona1215138,test1215138,test@email1215138,DE,CULTURE,Super Nerd,2017-02-08 20:27:32,2017-02-08 20:27:32,1
293,Fiona8881285,test8881285,test@email8881285,DE,ENGINEERING,Nerd,2017-02-08 20:27:32,2017-02-08 20:27:32,1
294,Fiona2552858,test2552858,test@email2552858,DE,TECHNOLOGY,Senior Nerd,2017-02-08 20:27:32,2017-02-08 20:27:32,1
295,Fiona8387952,test8387952,test@email8387952,DE,CULTURE,Junior Nerd,2017-02-08 20:27:32,2017-02-08 20:27:32,1
296,Fiona3762967,test3762967,test@email3762967,FL,SCIENCE,Master Nerd,2017-02-08 20:27:32,2017-02-08 20:27:32,1
297,Fiona368644,test368644,test@email368644,FL,CULTURE,Super Nerd,2017-02-08 20:27:32,2017-02-08 20:27:32,1
298,Fiona5983337,test5983337,test@email5983337,FL,ENGINEERING,Nerd,2017-02-08 20:27:32,2017-02-08 20:27:32,1
299,Fiona5307169,test5307169,test@email5307169,FL,TECHNOLOGY,Senior Nerd,2017-02-08 20:27:32,2017-02-08 20:27:32,1
300,Fiona6741943,test6741943,test@email6741943,FL,CULTURE,Junior Nerd,2017-02-08 20:27:32,2017-02-08 20:27:32,1
301,Fiona4567235,test4567235,test@email4567235,GA,SCIENCE,Master Nerd,2017-02-08 20:27:32,2017-02-08 20:27:32,1
302,Fiona5475276,test5475276,test@email5475276,GA,CULTURE,Super Nerd,2017-02-08 20:27:32,2017-02-08 20:27:32,1
303,Fiona3781426,test3781426,test@email3781426,GA,ENGINEERING,Nerd,2017-02-08 20:27:32,2017-02-08 20:27:32,1
304,Fiona5750918,test5750918,test@email5750918,GA,TECHNOLOGY,Senior Nerd,2017-02-08 20:27:32,2017-02-08 20:27:32,1
305,Fiona3599275,test3599275,test@email3599275,GA,CULTURE,Junior Nerd,2017-02-08 20:27:32,2017-02-08 20:27:32,1
306,Fiona8117966,test8117966,test@email8117966,HI,SCIENCE,Master Nerd,2017-02-08 20:27:32,2017-02-08 20:27:32,1
307,Fiona5070177,test5070177,test@email5070177,HI,CULTURE,Super Nerd,2017-02-08 20:27:32,2017-02-08 20:27:32,1
308,Fiona7917640,test7917640,test@email7917640,HI,ENGINEERING,Nerd,2017-02-08 20:27:32,2017-02-08 20:27:32,1
309,Fiona8635002,test8635002,test@email8635002,HI,TECHNOLOGY,Senior Nerd,2017-02-08 20:27:32,2017-02-08 20:27:32,1
310,Fiona6266698,test6266698,test@email6266698,HI,CULTURE,Junior Nerd,2017-02-08 20:27:32,2017-02-08 20:27:32,1
311,Fiona8498631,test8498631,test@email8498631,ID,SCIENCE,Master Nerd,2017-02-08 20:27:32,2017-02-08 20:27:32,1
312,Fiona293243,test293243,test@email293243,ID,CULTURE,Super Nerd,2017-02-08 20:27:32,2017-02-08 20:27:32,1
313,Fiona1200300,test1200300,test@email1200300,ID,ENGINEERING,Nerd,2017-02-08 20:27:32,2017-02-08 20:27:32,1
314,Fiona1889516,test1889516,test@email1889516,ID,TECHNOLOGY,Senior Nerd,2017-02-08 20:27:32,2017-02-08 20:27:32,1
315,Fiona7072290,test7072290,test@email7072290,ID,CULTURE,Junior Nerd,2017-02-08 20:27:32,2017-02-08 20:27:32,1
316,Fiona5230834,test5230834,test@email5230834,IL,SCIENCE,Master Nerd,2017-02-08 20:27:32,2017-02-08 20:27:32,1
317,Fiona3083605,test3083605,test@email3083605,IL,CULTURE,Super Nerd,2017-02-08 20:27:32,2017-02-08 20:27:32,1
318,Fiona2690233,test2690233,test@email2690233,IL,ENGINEERING,Nerd,2017-02-08 20:27:32,2017-02-08 20:27:32,1
319,Fiona10097191,test10097191,test@email10097191,IL,TECHNOLOGY,Senior Nerd,2017-02-08 20:27:32,2017-02-08 20:27:32,1
320,Fiona3280049,test3280049,test@email3280049,IL,CULTURE,Junior Nerd,2017-02-08 20:27:32,2017-02-08 20:27:32,1
322,Fiona8767252,test8767252,test@email8767252,IN,CULTURE,Super Nerd,2017-02-08 20:27:32,2017-02-08 20:27:32,1
321,Fiona8398044,test8398044,test@email8398044,IN,SCIENCE,Master Nerd,2017-02-08 20:27:32,2017-02-08 20:27:32,1
323,Fiona2694398,test2694398,test@email2694398,IN,ENGINEERING,Nerd,2017-02-08 20:27:32,2017-02-08 20:27:32,1
324,Fiona9618724,test9618724,test@email9618724,IN,TECHNOLOGY,Senior Nerd,2017-02-08 20:27:32,2017-02-08 20:27:32,1
325,Fiona7544776,test7544776,test@email7544776,IN,CULTURE,Junior Nerd,2017-02-08 20:27:32,2017-02-08 20:27:32,1
326,Fiona9643375,test9643375,test@email9643375,IA,SCIENCE,Master Nerd,2017-02-08 20:27:32,2017-02-08 20:27:32,1
327,Fiona8284232,test8284232,test@email8284232,IA,CULTURE,Super Nerd,2017-02-08 20:27:32,2017-02-08 20:27:32,1
328,Fiona5005003,test5005003,test@email5005003,IA,ENGINEERING,Nerd,2017-02-08 20:27:32,2017-02-08 20:27:32,1
329,Fiona10021500,test10021500,test@email10021500,IA,TECHNOLOGY,Senior Nerd,2017-02-08 20:27:32,2017-02-08 20:27:32,1
330,Fiona8277432,test8277432,test@email8277432,IA,CULTURE,Junior Nerd,2017-02-08 20:27:32,2017-02-08 20:27:32,1
331,Fiona7990101,test7990101,test@email7990101,KS,SCIENCE,Master Nerd,2017-02-08 20:27:32,2017-02-08 20:27:32,1
332,Fiona9602344,test9602344,test@email9602344,KS,CULTURE,Super Nerd,2017-02-08 20:27:32,2017-02-08 20:27:32,1
333,Fiona8978667,test8978667,test@email8978667,KS,ENGINEERING,Nerd,2017-02-08 20:27:32,2017-02-08 20:27:32,1
334,Fiona9281262,test9281262,test@email9281262,KS,TECHNOLOGY,Senior Nerd,2017-02-08 20:27:32,2017-02-08 20:27:32,1
335,Fiona1292247,test1292247,test@email1292247,KS,CULTURE,Junior Nerd,2017-02-08 20:27:32,2017-02-08 20:27:32,1
336,Fiona3738597,test3738597,test@email3738597,KY,SCIENCE,Master Nerd,2017-02-08 20:27:32,2017-02-08 20:27:32,1
337,Fiona4925725,test4925725,test@email4925725,KY,CULTURE,Super Nerd,2017-02-08 20:27:32,2017-02-08 20:27:32,1
338,Fiona9293109,test9293109,test@email9293109,KY,ENGINEERING,Nerd,2017-02-08 20:27:32,2017-02-08 20:27:32,1
339,Fiona8943234,test8943234,test@email8943234,KY,TECHNOLOGY,Senior Nerd,2017-02-08 20:27:32,2017-02-08 20:27:32,1
340,Fiona1769504,test1769504,test@email1769504,KY,CULTURE,Junior Nerd,2017-02-08 20:27:32,2017-02-08 20:27:32,1
341,Fiona6726401,test6726401,test@email6726401,LA,SCIENCE,Master Nerd,2017-02-08 20:27:32,2017-02-08 20:27:32,1
342,Fiona2903309,test2903309,test@email2903309,LA,CULTURE,Super Nerd,2017-02-08 20:27:32,2017-02-08 20:27:32,1
343,Fiona1505627,test1505627,test@email1505627,LA,ENGINEERING,Nerd,2017-02-08 20:27:32,2017-02-08 20:27:32,1
344,Fiona9018744,test9018744,test@email9018744,LA,TECHNOLOGY,Senior Nerd,2017-02-08 20:27:32,2017-02-08 20:27:32,1
345,Fiona1839881,test1839881,test@email1839881,LA,CULTURE,Junior Nerd,2017-02-08 20:27:32,2017-02-08 20:27:32,1
346,Fiona1548474,test1548474,test@email1548474,ME,SCIENCE,Master Nerd,2017-02-08 20:27:32,2017-02-08 20:27:32,1
347,Fiona5816836,test5816836,test@email5816836,ME,CULTURE,Super Nerd,2017-02-08 20:27:32,2017-02-08 20:27:32,1
348,Fiona8161656,test8161656,test@email8161656,ME,ENGINEERING,Nerd,2017-02-08 20:27:32,2017-02-08 20:27:32,1
349,Fiona1610427,test1610427,test@email1610427,ME,TECHNOLOGY,Senior Nerd,2017-02-08 20:27:32,2017-02-08 20:27:32,1
350,Fiona4471367,test4471367,test@email4471367,ME,CULTURE,Junior Nerd,2017-02-08 20:27:32,2017-02-08 20:27:32,1
351,Fiona6832208,test6832208,test@email6832208,MD,SCIENCE,Master Nerd,2017-02-08 20:27:32,2017-02-08 20:27:32,1
352,Fiona7256607,test7256607,test@email7256607,MD,CULTURE,Super Nerd,2017-02-08 20:27:32,2017-02-08 20:27:32,1
353,Fiona8502974,test8502974,test@email8502974,MD,ENGINEERING,Nerd,2017-02-08 20:27:32,2017-02-08 20:27:32,1
354,Fiona6722362,test6722362,test@email6722362,MD,TECHNOLOGY,Senior Nerd,2017-02-08 20:27:32,2017-02-08 20:27:32,1
355,Fiona3294590,test3294590,test@email3294590,MD,CULTURE,Junior Nerd,2017-02-08 20:27:32,2017-02-08 20:27:32,1
356,Fiona9108568,test9108568,test@email9108568,MA,SCIENCE,Master Nerd,2017-02-08 20:27:32,2017-02-08 20:27:32,1
357,Fiona2469335,test2469335,test@email2469335,MA,CULTURE,Super Nerd,2017-02-08 20:27:32,2017-02-08 20:27:32,1
358,Fiona1472068,test1472068,test@email1472068,MA,ENGINEERING,Nerd,2017-02-08 20:27:32,2017-02-08 20:27:32,1
359,Fiona2262013,test2262013,test@email2262013,MA,TECHNOLOGY,Senior Nerd,2017-02-08 20:27:32,2017-02-08 20:27:32,1
360,Fiona5347314,test5347314,test@email5347314,MA,CULTURE,Junior Nerd,2017-02-08 20:27:32,2017-02-08 20:27:32,1
361,Fiona7086767,test7086767,test@email7086767,MI,SCIENCE,Master Nerd,2017-02-08 20:27:32,2017-02-08 20:27:32,1
362,Fiona1613195,test1613195,test@email1613195,MI,CULTURE,Super Nerd,2017-02-08 20:27:32,2017-02-08 20:27:32,1
363,Fiona6039430,test6039430,test@email6039430,MI,ENGINEERING,Nerd,2017-02-08 20:27:32,2017-02-08 20:27:32,1
364,Fiona2333080,test2333080,test@email2333080,MI,TECHNOLOGY,Senior Nerd,2017-02-08 20:27:32,2017-02-08 20:27:32,1
365,Fiona7623905,test7623905,test@email7623905,MI,CULTURE,Junior Nerd,2017-02-08 20:27:32,2017-02-08 20:27:32,1
366,Fiona2467982,test2467982,test@email2467982,MN,SCIENCE,Master Nerd,2017-02-08 20:27:32,2017-02-08 20:27:32,1
367,Fiona364509,test364509,test@email364509,MN,CULTURE,Super Nerd,2017-02-08 20:27:32,2017-02-08 20:27:32,1
368,Fiona8979784,test8979784,test@email8979784,MN,ENGINEERING,Nerd,2017-02-08 20:27:32,2017-02-08 20:27:32,1
369,Fiona7163127,test7163127,test@email7163127,MN,TECHNOLOGY,Senior Nerd,2017-02-08 20:27:32,2017-02-08 20:27:32,1
370,Fiona7901936,test7901936,test@email7901936,MN,CULTURE,Junior Nerd,2017-02-08 20:27:32,2017-02-08 20:27:32,1
371,Fiona4026536,test4026536,test@email4026536,MS,SCIENCE,Master Nerd,2017-02-08 20:27:32,2017-02-08 20:27:32,1
372,Fiona2065649,test2065649,test@email2065649,MS,CULTURE,Super Nerd,2017-02-08 20:27:32,2017-02-08 20:27:32,1
373,Fiona4156471,test4156471,test@email4156471,MS,ENGINEERING,Nerd,2017-02-08 20:27:32,2017-02-08 20:27:32,1
374,Fiona458977,test458977,test@email458977,MS,TECHNOLOGY,Senior Nerd,2017-02-08 20:27:32,2017-02-08 20:27:32,1
375,Fiona8572934,test8572934,test@email8572934,MS,CULTURE,Junior Nerd,2017-02-08 20:27:32,2017-02-08 20:27:32,1
376,Fiona4192901,test4192901,test@email4192901,MO,SCIENCE,Master Nerd,2017-02-08 20:27:32,2017-02-08 20:27:32,1
377,Fiona1919722,test1919722,test@email1919722,MO,CULTURE,Super Nerd,2017-02-08 20:27:32,2017-02-08 20:27:32,1
378,Fiona5489039,test5489039,test@email5489039,MO,ENGINEERING,Nerd,2017-02-08 20:27:32,2017-02-08 20:27:32,1
379,Fiona266913,test266913,test@email266913,MO,TECHNOLOGY,Senior Nerd,2017-02-08 20:27:32,2017-02-08 20:27:32,1
380,Fiona9894504,test9894504,test@email9894504,MO,CULTURE,Junior Nerd,2017-02-08 20:27:32,2017-02-08 20:27:32,1
381,Fiona529915,test529915,test@email529915,MT,SCIENCE,Master Nerd,2017-02-08 20:27:32,2017-02-08 20:27:32,1
382,Fiona7927256,test7927256,test@email7927256,MT,CULTURE,Super Nerd,2017-02-08 20:27:32,2017-02-08 20:27:32,1
383,Fiona2335453,test2335453,test@email2335453,MT,ENGINEERING,Nerd,2017-02-08 20:27:32,2017-02-08 20:27:32,1
384,Fiona3690987,test3690987,test@email3690987,MT,TECHNOLOGY,Senior Nerd,2017-02-08 20:27:32,2017-02-08 20:27:32,1
385,Fiona654206,test654206,test@email654206,MT,CULTURE,Junior Nerd,2017-02-08 20:27:32,2017-02-08 20:27:32,1
386,Fiona6356009,test6356009,test@email6356009,NE,SCIENCE,Master Nerd,2017-02-08 20:27:32,2017-02-08 20:27:32,1
387,Fiona2070778,test2070778,test@email2070778,NE,CULTURE,Super Nerd,2017-02-08 20:27:32,2017-02-08 20:27:32,1
388,Fiona6999151,test6999151,test@email6999151,NE,ENGINEERING,Nerd,2017-02-08 20:27:32,2017-02-08 20:27:32,1
389,Fiona2136010,test2136010,test@email2136010,NE,TECHNOLOGY,Senior Nerd,2017-02-08 20:27:32,2017-02-08 20:27:32,1
390,Fiona2121661,test2121661,test@email2121661,NE,CULTURE,Junior Nerd,2017-02-08 20:27:32,2017-02-08 20:27:32,1
391,Fiona8133659,test8133659,test@email8133659,NV,SCIENCE,Master Nerd,2017-02-08 20:27:32,2017-02-08 20:27:32,1
392,Fiona1588605,test1588605,test@email1588605,NV,CULTURE,Super Nerd,2017-02-08 20:27:32,2017-02-08 20:27:32,1
393,Fiona7374591,test7374591,test@email7374591,NV,ENGINEERING,Nerd,2017-02-08 20:27:32,2017-02-08 20:27:32,1
394,Fiona3707332,test3707332,test@email3707332,NV,TECHNOLOGY,Senior Nerd,2017-02-08 20:27:32,2017-02-08 20:27:32,1
395,Fiona5528758,test5528758,test@email5528758,NV,CULTURE,Junior Nerd,2017-02-08 20:27:32,2017-02-08 20:27:32,1
396,Fiona9936721,test9936721,test@email9936721,NH,SCIENCE,Master Nerd,2017-02-08 20:27:32,2017-02-08 20:27:32,1
397,Fiona3684083,test3684083,test@email3684083,NH,CULTURE,Super Nerd,2017-02-08 20:27:32,2017-02-08 20:27:32,1
398,Fiona9994083,test9994083,test@email9994083,NH,ENGINEERING,Nerd,2017-02-08 20:27:32,2017-02-08 20:27:32,1
399,Fiona8651131,test8651131,test@email8651131,NH,TECHNOLOGY,Senior Nerd,2017-02-08 20:27:32,2017-02-08 20:27:32,1
400,Fiona7553635,test7553635,test@email7553635,NH,CULTURE,Junior Nerd,2017-02-08 20:27:32,2017-02-08 20:27:32,1
401,Fiona3882313,test3882313,test@email3882313,NJ,SCIENCE,Master Nerd,2017-02-08 20:27:32,2017-02-08 20:27:32,1
402,Fiona6383180,test6383180,test@email6383180,NJ,CULTURE,Super Nerd,2017-02-08 20:27:32,2017-02-08 20:27:32,1
403,Fiona4519529,test4519529,test@email4519529,NJ,ENGINEERING,Nerd,2017-02-08 20:27:32,2017-02-08 20:27:32,1
404,Fiona5136764,test5136764,test@email5136764,NJ,TECHNOLOGY,Senior Nerd,2017-02-08 20:27:32,2017-02-08 20:27:32,1
405,Fiona9380748,test9380748,test@email9380748,NJ,CULTURE,Junior Nerd,2017-02-08 20:27:32,2017-02-08 20:27:32,1
406,Fiona7884441,test7884441,test@email7884441,NM,SCIENCE,Master Nerd,2017-02-08 20:27:32,2017-02-08 20:27:32,1
407,Fiona1168209,test1168209,test@email1168209,NM,CULTURE,Super Nerd,2017-02-08 20:27:32,2017-02-08 20:27:32,1
408,Fiona7581215,test7581215,test@email7581215,NM,ENGINEERING,Nerd,2017-02-08 20:27:32,2017-02-08 20:27:32,1
409,Fiona7819681,test7819681,test@email7819681,NM,TECHNOLOGY,Senior Nerd,2017-02-08 20:27:32,2017-02-08 20:27:32,1
410,Fiona395073,test395073,test@email395073,NM,CULTURE,Junior Nerd,2017-02-08 20:27:32,2017-02-08 20:27:32,1
411,Fiona2465585,test2465585,test@email2465585,NY,SCIENCE,Master Nerd,2017-02-08 20:27:32,2017-02-08 20:27:32,1
412,Fiona9675088,test9675088,test@email9675088,NY,CULTURE,Super Nerd,2017-02-08 20:27:32,2017-02-08 20:27:32,1
413,Fiona10051613,test10051613,test@email10051613,NY,ENGINEERING,Nerd,2017-02-08 20:27:32,2017-02-08 20:27:32,1
414,Fiona5547798,test5547798,test@email5547798,NY,TECHNOLOGY,Senior Nerd,2017-02-08 20:27:32,2017-02-08 20:27:32,1
415,Fiona7098661,test7098661,test@email7098661,NY,CULTURE,Junior Nerd,2017-02-08 20:27:32,2017-02-08 20:27:32,1
416,Fiona5470432,test5470432,test@email5470432,NC,SCIENCE,Master Nerd,2017-02-08 20:27:32,2017-02-08 20:27:32,1
417,Fiona6465478,test6465478,test@email6465478,NC,CULTURE,Super Nerd,2017-02-08 20:27:32,2017-02-08 20:27:32,1
418,Fiona9807854,test9807854,test@email9807854,NC,ENGINEERING,Nerd,2017-02-08 20:27:32,2017-02-08 20:27:32,1
419,Fiona9130587,test9130587,test@email9130587,NC,TECHNOLOGY,Senior Nerd,2017-02-08 20:27:32,2017-02-08 20:27:32,1
420,Fiona431187,test431187,test@email431187,NC,CULTURE,Junior Nerd,2017-02-08 20:27:32,2017-02-08 20:27:32,1
421,Fiona5609163,test5609163,test@email5609163,ND,SCIENCE,Master Nerd,2017-02-08 20:27:32,2017-02-08 20:27:32,1
422,Fiona6616091,test6616091,test@email6616091,ND,CULTURE,Super Nerd,2017-02-08 20:27:32,2017-02-08 20:27:32,1
423,Fiona2796897,test2796897,test@email2796897,ND,ENGINEERING,Nerd,2017-02-08 20:27:32,2017-02-08 20:27:32,1
424,Fiona7427141,test7427141,test@email7427141,ND,TECHNOLOGY,Senior Nerd,2017-02-08 20:27:32,2017-02-08 20:27:32,1
425,Fiona2388634,test2388634,test@email2388634,ND,CULTURE,Junior Nerd,2017-02-08 20:27:32,2017-02-08 20:27:32,1
426,Fiona797308,test797308,test@email797308,OH,SCIENCE,Master Nerd,2017-02-08 20:27:32,2017-02-08 20:27:32,1
427,Fiona5527566,test5527566,test@email5527566,OH,CULTURE,Super Nerd,2017-02-08 20:27:32,2017-02-08 20:27:32,1
428,Fiona9164342,test9164342,test@email9164342,OH,ENGINEERING,Nerd,2017-02-08 20:27:32,2017-02-08 20:27:32,1
429,Fiona2532917,test2532917,test@email2532917,OH,TECHNOLOGY,Senior Nerd,2017-02-08 20:27:32,2017-02-08 20:27:32,1
430,Fiona6487580,test6487580,test@email6487580,OH,CULTURE,Junior Nerd,2017-02-08 20:27:32,2017-02-08 20:27:32,1
431,Fiona6869583,test6869583,test@email6869583,OK,SCIENCE,Master Nerd,2017-02-08 20:27:32,2017-02-08 20:27:32,1
432,Fiona4580472,test4580472,test@email4580472,OK,CULTURE,Super Nerd,2017-02-08 20:27:32,2017-02-08 20:27:32,1
433,Fiona7479283,test7479283,test@email7479283,OK,ENGINEERING,Nerd,2017-02-08 20:27:32,2017-02-08 20:27:32,1
434,Fiona1250553,test1250553,test@email1250553,OK,TECHNOLOGY,Senior Nerd,2017-02-08 20:27:32,2017-02-08 20:27:32,1
435,Fiona8878287,test8878287,test@email8878287,OK,CULTURE,Junior Nerd,2017-02-08 20:27:32,2017-02-08 20:27:32,1
436,Fiona9243402,test9243402,test@email9243402,OR,SCIENCE,Master Nerd,2017-02-08 20:27:32,2017-02-08 20:27:32,1
437,Fiona3641541,test3641541,test@email3641541,OR,CULTURE,Super Nerd,2017-02-08 20:27:32,2017-02-08 20:27:32,1
438,Fiona3257584,test3257584,test@email3257584,OR,ENGINEERING,Nerd,2017-02-08 20:27:32,2017-02-08 20:27:32,1
439,Fiona3841860,test3841860,test@email3841860,OR,TECHNOLOGY,Senior Nerd,2017-02-08 20:27:32,2017-02-08 20:27:32,1
440,Fiona8723436,test8723436,test@email8723436,OR,CULTURE,Junior Nerd,2017-02-08 20:27:32,2017-02-08 20:27:32,1
441,Fiona9894182,test9894182,test@email9894182,PA,SCIENCE,Master Nerd,2017-02-08 20:27:32,2017-02-08 20:27:32,1
442,Fiona2397962,test2397962,test@email2397962,PA,CULTURE,Super Nerd,2017-02-08 20:27:32,2017-02-08 20:27:32,1
443,Fiona4180798,test4180798,test@email4180798,PA,ENGINEERING,Nerd,2017-02-08 20:27:32,2017-02-08 20:27:32,1
444,Fiona2491350,test2491350,test@email2491350,PA,TECHNOLOGY,Senior Nerd,2017-02-08 20:27:32,2017-02-08 20:27:32,1
445,Fiona3446739,test3446739,test@email3446739,PA,CULTURE,Junior Nerd,2017-02-08 20:27:32,2017-02-08 20:27:32,1
446,Fiona1142481,test1142481,test@email1142481,RI,SCIENCE,Master Nerd,2017-02-08 20:27:32,2017-02-08 20:27:32,1
447,Fiona2549180,test2549180,test@email2549180,RI,CULTURE,Super Nerd,2017-02-08 20:27:32,2017-02-08 20:27:32,1
448,Fiona2562273,test2562273,test@email2562273,RI,ENGINEERING,Nerd,2017-02-08 20:27:32,2017-02-08 20:27:32,1
449,Fiona4059585,test4059585,test@email4059585,RI,TECHNOLOGY,Senior Nerd,2017-02-08 20:27:32,2017-02-08 20:27:32,1
450,Fiona6418129,test6418129,test@email6418129,RI,CULTURE,Junior Nerd,2017-02-08 20:27:32,2017-02-08 20:27:32,1
451,Fiona5984588,test5984588,test@email5984588,SC,SCIENCE,Master Nerd,2017-02-08 20:27:32,2017-02-08 20:27:32,1
452,Fiona8562819,test8562819,test@email8562819,SC,CULTURE,Super Nerd,2017-02-08 20:27:32,2017-02-08 20:27:32,1
453,Fiona5154236,test5154236,test@email5154236,SC,ENGINEERING,Nerd,2017-02-08 20:27:32,2017-02-08 20:27:32,1
454,Fiona8417858,test8417858,test@email8417858,SC,TECHNOLOGY,Senior Nerd,2017-02-08 20:27:32,2017-02-08 20:27:32,1
455,Fiona3083778,test3083778,test@email3083778,SC,CULTURE,Junior Nerd,2017-02-08 20:27:32,2017-02-08 20:27:32,1
456,Fiona240799,test240799,test@email240799,SD,SCIENCE,Master Nerd,2017-02-08 20:27:32,2017-02-08 20:27:32,1
457,Fiona4137180,test4137180,test@email4137180,SD,CULTURE,Super Nerd,2017-02-08 20:27:32,2017-02-08 20:27:32,1
458,Fiona9377253,test9377253,test@email9377253,SD,ENGINEERING,Nerd,2017-02-08 20:27:32,2017-02-08 20:27:32,1
459,Fiona8126893,test8126893,test@email8126893,SD,TECHNOLOGY,Senior Nerd,2017-02-08 20:27:32,2017-02-08 20:27:32,1
460,Fiona7396874,test7396874,test@email7396874,SD,CULTURE,Junior Nerd,2017-02-08 20:27:32,2017-02-08 20:27:32,1
461,Fiona3878358,test3878358,test@email3878358,TN,SCIENCE,Master Nerd,2017-02-08 20:27:32,2017-02-08 20:27:32,1
462,Fiona4716602,test4716602,test@email4716602,TN,CULTURE,Super Nerd,2017-02-08 20:27:32,2017-02-08 20:27:32,1
463,Fiona5524562,test5524562,test@email5524562,TN,ENGINEERING,Nerd,2017-02-08 20:27:32,2017-02-08 20:27:32,1
464,Fiona5632261,test5632261,test@email5632261,TN,TECHNOLOGY,Senior Nerd,2017-02-08 20:27:32,2017-02-08 20:27:32,1
465,Fiona3505017,test3505017,test@email3505017,TN,CULTURE,Junior Nerd,2017-02-08 20:27:32,2017-02-08 20:27:32,1
466,Fiona3845730,test3845730,test@email3845730,TX,SCIENCE,Master Nerd,2017-02-08 20:27:32,2017-02-08 20:27:32,1
467,Fiona960856,test960856,test@email960856,TX,CULTURE,Super Nerd,2017-02-08 20:27:32,2017-02-08 20:27:32,1
468,Fiona7558507,test7558507,test@email7558507,TX,ENGINEERING,Nerd,2017-02-08 20:27:32,2017-02-08 20:27:32,1
469,Fiona6933546,test6933546,test@email6933546,TX,TECHNOLOGY,Senior Nerd,2017-02-08 20:27:32,2017-02-08 20:27:32,1
470,Fiona1156107,test1156107,test@email1156107,TX,CULTURE,Junior Nerd,2017-02-08 20:27:32,2017-02-08 20:27:32,1
471,Fiona8664458,test8664458,test@email8664458,UT,SCIENCE,Master Nerd,2017-02-08 20:27:32,2017-02-08 20:27:32,1
472,Fiona8258065,test8258065,test@email8258065,UT,CULTURE,Super Nerd,2017-02-08 20:27:32,2017-02-08 20:27:32,1
473,Fiona4939614,test4939614,test@email4939614,UT,ENGINEERING,Nerd,2017-02-08 20:27:32,2017-02-08 20:27:32,1
474,Fiona5089432,test5089432,test@email5089432,UT,TECHNOLOGY,Senior Nerd,2017-02-08 20:27:32,2017-02-08 20:27:32,1
475,Fiona7305853,test7305853,test@email7305853,UT,CULTURE,Junior Nerd,2017-02-08 20:27:32,2017-02-08 20:27:32,1
476,Fiona4486930,test4486930,test@email4486930,VT,SCIENCE,Master Nerd,2017-02-08 20:27:32,2017-02-08 20:27:32,1
477,Fiona3147643,test3147643,test@email3147643,VT,CULTURE,Super Nerd,2017-02-08 20:27:32,2017-02-08 20:27:32,1
478,Fiona3479198,test3479198,test@email3479198,VT,ENGINEERING,Nerd,2017-02-08 20:27:32,2017-02-08 20:27:32,1
479,Fiona1491209,test1491209,test@email1491209,VT,TECHNOLOGY,Senior Nerd,2017-02-08 20:27:32,2017-02-08 20:27:32,1
480,Fiona9035289,test9035289,test@email9035289,VT,CULTURE,Junior Nerd,2017-02-08 20:27:32,2017-02-08 20:27:32,1
481,Fiona8747905,test8747905,test@email8747905,VA,SCIENCE,Master Nerd,2017-02-08 20:27:32,2017-02-08 20:27:32,1
482,Fiona9080489,test9080489,test@email9080489,VA,CULTURE,Super Nerd,2017-02-08 20:27:32,2017-02-08 20:27:32,1
483,Fiona4733760,test4733760,test@email4733760,VA,ENGINEERING,Nerd,2017-02-08 20:27:32,2017-02-08 20:27:32,1
484,Fiona9810244,test9810244,test@email9810244,VA,TECHNOLOGY,Senior Nerd,2017-02-08 20:27:32,2017-02-08 20:27:32,1
485,Fiona1749852,test1749852,test@email1749852,VA,CULTURE,Junior Nerd,2017-02-08 20:27:32,2017-02-08 20:27:32,1
486,Fiona299144,test299144,test@email299144,WA,SCIENCE,Master Nerd,2017-02-08 20:27:32,2017-02-08 20:27:32,1
487,Fiona9888369,test9888369,test@email9888369,WA,CULTURE,Super Nerd,2017-02-08 20:27:32,2017-02-08 20:27:32,1
488,Fiona9378234,test9378234,test@email9378234,WA,ENGINEERING,Nerd,2017-02-08 20:27:32,2017-02-08 20:27:32,1
489,Fiona7396868,test7396868,test@email7396868,WA,TECHNOLOGY,Senior Nerd,2017-02-08 20:27:32,2017-02-08 20:27:32,1
490,Fiona2446674,test2446674,test@email2446674,WA,CULTURE,Junior Nerd,2017-02-08 20:27:32,2017-02-08 20:27:32,1
491,Fiona9529765,test9529765,test@email9529765,WV,SCIENCE,Master Nerd,2017-02-08 20:27:32,2017-02-08 20:27:32,1
492,Fiona5719901,test5719901,test@email5719901,WV,CULTURE,Super Nerd,2017-02-08 20:27:32,2017-02-08 20:27:32,1
493,Fiona968684,test968684,test@email968684,WV,ENGINEERING,Nerd,2017-02-08 20:27:32,2017-02-08 20:27:32,1
494,Fiona10053168,test10053168,test@email10053168,WV,TECHNOLOGY,Senior Nerd,2017-02-08 20:27:32,2017-02-08 20:27:32,1
495,Fiona1596306,test1596306,test@email1596306,WV,CULTURE,Junior Nerd,2017-02-08 20:27:32,2017-02-08 20:27:32,1
496,Fiona2127208,test2127208,test@email2127208,WI,SCIENCE,Master Nerd,2017-02-08 20:27:32,2017-02-08 20:27:32,1
497,Fiona2757700,test2757700,test@email2757700,WI,CULTURE,Super Nerd,2017-02-08 20:27:32,2017-02-08 20:27:32,1
498,Fiona7006740,test7006740,test@email7006740,WI,ENGINEERING,Nerd,2017-02-08 20:27:32,2017-02-08 20:27:32,1
499,Fiona1296283,test1296283,test@email1296283,WI,TECHNOLOGY,Senior Nerd,2017-02-08 20:27:32,2017-02-08 20:27:32,1
500,Fiona9428572,test9428572,test@email9428572,WI,CULTURE,Junior Nerd,2017-02-08 20:27:32,2017-02-08 20:27:32,1
501,Fiona8755604,test8755604,test@email8755604,WY,SCIENCE,Master Nerd,2017-02-08 20:27:32,2017-02-08 20:27:32,1
502,Fiona6767947,test6767947,test@email6767947,WY,CULTURE,Super Nerd,2017-02-08 20:27:32,2017-02-08 20:27:32,1
503,Fiona6791374,test6791374,test@email6791374,WY,ENGINEERING,Nerd,2017-02-08 20:27:32,2017-02-08 20:27:32,1
504,Fiona10056316,test10056316,test@email10056316,WY,TECHNOLOGY,Senior Nerd,2017-02-08 20:27:32,2017-02-08 20:27:32,1
505,Fiona6590651,test6590651,test@email6590651,WY,CULTURE,Junior Nerd,2017-02-08 20:27:32,2017-02-08 20:27:32,1
506,Fiona1256050,test1256050,test@email1256050,DC,SCIENCE,Master Nerd,2017-02-08 20:27:32,2017-02-08 20:27:32,1
507,Fiona8489484,test8489484,test@email8489484,DC,CULTURE,Super Nerd,2017-02-08 20:27:32,2017-02-08 20:27:32,1
508,Fiona722038,test722038,test@email722038,DC,ENGINEERING,Nerd,2017-02-08 20:27:32,2017-02-08 20:27:32,1
509,Fiona3947787,test3947787,test@email3947787,DC,TECHNOLOGY,Senior Nerd,2017-02-08 20:27:32,2017-02-08 20:27:32,1
510,Fiona756915,test756915,test@email756915,DC,CULTURE,Junior Nerd,2017-02-08 20:27:32,2017-02-08 20:27:32,1
511,Charles10035869,test10035869,test@email10035869,ALA,SCIENCE,Master Nerd,2017-02-08 20:27:32,2017-02-08 20:27:32,1
512,Charles1714095,test1714095,test@email1714095,ALA,CULTURE,Super Nerd,2017-02-08 20:27:32,2017-02-08 20:27:32,1
513,Charles7589191,test7589191,test@email7589191,ALA,ENGINEERING,Nerd,2017-02-08 20:27:32,2017-02-08 20:27:32,1
514,Charles1125345,test1125345,test@email1125345,ALA,TECHNOLOGY,Senior Nerd,2017-02-08 20:27:32,2017-02-08 20:27:32,1
515,Charles4356130,test4356130,test@email4356130,ALA,CULTURE,Junior Nerd,2017-02-08 20:27:32,2017-02-08 20:27:32,1
516,Charles6236485,test6236485,test@email6236485,AK,SCIENCE,Master Nerd,2017-02-08 20:27:32,2017-02-08 20:27:32,1
517,Charles4053435,test4053435,test@email4053435,AK,CULTURE,Super Nerd,2017-02-08 20:27:32,2017-02-08 20:27:32,1
518,Charles1232704,test1232704,test@email1232704,AK,ENGINEERING,Nerd,2017-02-08 20:27:32,2017-02-08 20:27:32,1
519,Charles3989004,test3989004,test@email3989004,AK,TECHNOLOGY,Senior Nerd,2017-02-08 20:27:32,2017-02-08 20:27:32,1
520,Charles143592,test143592,test@email143592,AK,CULTURE,Junior Nerd,2017-02-08 20:27:32,2017-02-08 20:27:32,1
521,Charles2605507,test2605507,test@email2605507,ARZ,SCIENCE,Master Nerd,2017-02-08 20:27:32,2017-02-08 20:27:32,1
522,Charles8952389,test8952389,test@email8952389,ARZ,CULTURE,Super Nerd,2017-02-08 20:27:32,2017-02-08 20:27:32,1
523,Charles9094341,test9094341,test@email9094341,ARZ,ENGINEERING,Nerd,2017-02-08 20:27:32,2017-02-08 20:27:32,1
524,Charles4795637,test4795637,test@email4795637,ARZ,TECHNOLOGY,Senior Nerd,2017-02-08 20:27:32,2017-02-08 20:27:32,1
525,Charles3436264,test3436264,test@email3436264,ARZ,CULTURE,Junior Nerd,2017-02-08 20:27:32,2017-02-08 20:27:32,1
526,Charles8170101,test8170101,test@email8170101,AR,SCIENCE,Master Nerd,2017-02-08 20:27:32,2017-02-08 20:27:32,1
527,Charles6624365,test6624365,test@email6624365,AR,CULTURE,Super Nerd,2017-02-08 20:27:32,2017-02-08 20:27:32,1
528,Charles3052151,test3052151,test@email3052151,AR,ENGINEERING,Nerd,2017-02-08 20:27:32,2017-02-08 20:27:32,1
529,Charles3065849,test3065849,test@email3065849,AR,TECHNOLOGY,Senior Nerd,2017-02-08 20:27:32,2017-02-08 20:27:32,1
530,Charles6621708,test6621708,test@email6621708,AR,CULTURE,Junior Nerd,2017-02-08 20:27:32,2017-02-08 20:27:32,1
531,Charles3936669,test3936669,test@email3936669,CA,SCIENCE,Master Nerd,2017-02-08 20:27:32,2017-02-08 20:27:32,1
532,Charles1379395,test1379395,test@email1379395,CA,CULTURE,Super Nerd,2017-02-08 20:27:32,2017-02-08 20:27:32,1
533,Charles2328493,test2328493,test@email2328493,CA,ENGINEERING,Nerd,2017-02-08 20:27:32,2017-02-08 20:27:32,1
534,Charles5362137,test5362137,test@email5362137,CA,TECHNOLOGY,Senior Nerd,2017-02-08 20:27:32,2017-02-08 20:27:32,1
535,Charles4881136,test4881136,test@email4881136,CA,CULTURE,Junior Nerd,2017-02-08 20:27:32,2017-02-08 20:27:32,1
536,Charles6361707,test6361707,test@email6361707,CO,SCIENCE,Master Nerd,2017-02-08 20:27:32,2017-02-08 20:27:32,1
537,Charles2063043,test2063043,test@email2063043,CO,CULTURE,Super Nerd,2017-02-08 20:27:32,2017-02-08 20:27:32,1
538,Charles6346098,test6346098,test@email6346098,CO,ENGINEERING,Nerd,2017-02-08 20:27:32,2017-02-08 20:27:32,1
539,Charles6513713,test6513713,test@email6513713,CO,TECHNOLOGY,Senior Nerd,2017-02-08 20:27:32,2017-02-08 20:27:32,1
540,Charles3179244,test3179244,test@email3179244,CO,CULTURE,Junior Nerd,2017-02-08 20:27:32,2017-02-08 20:27:32,1
541,Charles6668717,test6668717,test@email6668717,CT,SCIENCE,Master Nerd,2017-02-08 20:27:32,2017-02-08 20:27:32,1
542,Charles1756910,test1756910,test@email1756910,CT,CULTURE,Super Nerd,2017-02-08 20:27:32,2017-02-08 20:27:32,1
543,Charles2682605,test2682605,test@email2682605,CT,ENGINEERING,Nerd,2017-02-08 20:27:32,2017-02-08 20:27:32,1
544,Charles9528254,test9528254,test@email9528254,CT,TECHNOLOGY,Senior Nerd,2017-02-08 20:27:32,2017-02-08 20:27:32,1
545,Charles2915678,test2915678,test@email2915678,CT,CULTURE,Junior Nerd,2017-02-08 20:27:32,2017-02-08 20:27:32,1
546,Charles5766678,test5766678,test@email5766678,DE,SCIENCE,Master Nerd,2017-02-08 20:27:32,2017-02-08 20:27:32,1
547,Charles5950717,test5950717,test@email5950717,DE,CULTURE,Super Nerd,2017-02-08 20:27:32,2017-02-08 20:27:32,1
548,Charles8256559,test8256559,test@email8256559,DE,ENGINEERING,Nerd,2017-02-08 20:27:32,2017-02-08 20:27:32,1
549,Charles6112521,test6112521,test@email6112521,DE,TECHNOLOGY,Senior Nerd,2017-02-08 20:27:32,2017-02-08 20:27:32,1
550,Charles6833540,test6833540,test@email6833540,DE,CULTURE,Junior Nerd,2017-02-08 20:27:32,2017-02-08 20:27:32,1
551,Charles9266889,test9266889,test@email9266889,FL,SCIENCE,Master Nerd,2017-02-08 20:27:32,2017-02-08 20:27:32,1
552,Charles8436136,test8436136,test@email8436136,FL,CULTURE,Super Nerd,2017-02-08 20:27:32,2017-02-08 20:27:32,1
553,Charles9809453,test9809453,test@email9809453,FL,ENGINEERING,Nerd,2017-02-08 20:27:32,2017-02-08 20:27:32,1
554,Charles5341456,test5341456,test@email5341456,FL,TECHNOLOGY,Senior Nerd,2017-02-08 20:27:32,2017-02-08 20:27:32,1
555,Charles6684168,test6684168,test@email6684168,FL,CULTURE,Junior Nerd,2017-02-08 20:27:32,2017-02-08 20:27:32,1
556,Charles420317,test420317,test@email420317,GA,SCIENCE,Master Nerd,2017-02-08 20:27:32,2017-02-08 20:27:32,1
557,Charles1610847,test1610847,test@email1610847,GA,CULTURE,Super Nerd,2017-02-08 20:27:32,2017-02-08 20:27:32,1
558,Charles7949050,test7949050,test@email7949050,GA,ENGINEERING,Nerd,2017-02-08 20:27:32,2017-02-08 20:27:32,1
559,Charles9154915,test9154915,test@email9154915,GA,TECHNOLOGY,Senior Nerd,2017-02-08 20:27:32,2017-02-08 20:27:32,1
560,Charles2600601,test2600601,test@email2600601,GA,CULTURE,Junior Nerd,2017-02-08 20:27:32,2017-02-08 20:27:32,1
561,Charles2491547,test2491547,test@email2491547,HI,SCIENCE,Master Nerd,2017-02-08 20:27:32,2017-02-08 20:27:32,1
562,Charles8891000,test8891000,test@email8891000,HI,CULTURE,Super Nerd,2017-02-08 20:27:32,2017-02-08 20:27:32,1
563,Charles2418468,test2418468,test@email2418468,HI,ENGINEERING,Nerd,2017-02-08 20:27:32,2017-02-08 20:27:32,1
564,Charles2732020,test2732020,test@email2732020,HI,TECHNOLOGY,Senior Nerd,2017-02-08 20:27:32,2017-02-08 20:27:32,1
565,Charles6295793,test6295793,test@email6295793,HI,CULTURE,Junior Nerd,2017-02-08 20:27:32,2017-02-08 20:27:32,1
566,Charles7392319,test7392319,test@email7392319,ID,SCIENCE,Master Nerd,2017-02-08 20:27:32,2017-02-08 20:27:32,1
567,Charles8984892,test8984892,test@email8984892,ID,CULTURE,Super Nerd,2017-02-08 20:27:32,2017-02-08 20:27:32,1
568,Charles5852139,test5852139,test@email5852139,ID,ENGINEERING,Nerd,2017-02-08 20:27:32,2017-02-08 20:27:32,1
569,Charles4194214,test4194214,test@email4194214,ID,TECHNOLOGY,Senior Nerd,2017-02-08 20:27:32,2017-02-08 20:27:32,1
570,Charles9948503,test9948503,test@email9948503,ID,CULTURE,Junior Nerd,2017-02-08 20:27:32,2017-02-08 20:27:32,1
571,Charles6115812,test6115812,test@email6115812,IL,SCIENCE,Master Nerd,2017-02-08 20:27:32,2017-02-08 20:27:32,1
572,Charles3987083,test3987083,test@email3987083,IL,CULTURE,Super Nerd,2017-02-08 20:27:32,2017-02-08 20:27:32,1
573,Charles2744893,test2744893,test@email2744893,IL,ENGINEERING,Nerd,2017-02-08 20:27:32,2017-02-08 20:27:32,1
574,Charles4803695,test4803695,test@email4803695,IL,TECHNOLOGY,Senior Nerd,2017-02-08 20:27:32,2017-02-08 20:27:32,1
575,Charles7173401,test7173401,test@email7173401,IL,CULTURE,Junior Nerd,2017-02-08 20:27:32,2017-02-08 20:27:32,1
576,Charles3841533,test3841533,test@email3841533,IN,SCIENCE,Master Nerd,2017-02-08 20:27:32,2017-02-08 20:27:32,1
577,Charles3397030,test3397030,test@email3397030,IN,CULTURE,Super Nerd,2017-02-08 20:27:32,2017-02-08 20:27:32,1
578,Charles8953309,test8953309,test@email8953309,IN,ENGINEERING,Nerd,2017-02-08 20:27:32,2017-02-08 20:27:32,1
579,Charles4459577,test4459577,test@email4459577,IN,TECHNOLOGY,Senior Nerd,2017-02-08 20:27:32,2017-02-08 20:27:32,1
580,Charles8174199,test8174199,test@email8174199,IN,CULTURE,Junior Nerd,2017-02-08 20:27:32,2017-02-08 20:27:32,1
581,Charles9959698,test9959698,test@email9959698,IA,SCIENCE,Master Nerd,2017-02-08 20:27:32,2017-02-08 20:27:32,1
582,Charles2634835,test2634835,test@email2634835,IA,CULTURE,Super Nerd,2017-02-08 20:27:32,2017-02-08 20:27:32,1
583,Charles9627860,test9627860,test@email9627860,IA,ENGINEERING,Nerd,2017-02-08 20:27:32,2017-02-08 20:27:32,1
584,Charles4635768,test4635768,test@email4635768,IA,TECHNOLOGY,Senior Nerd,2017-02-08 20:27:32,2017-02-08 20:27:32,1
585,Charles8964805,test8964805,test@email8964805,IA,CULTURE,Junior Nerd,2017-02-08 20:27:32,2017-02-08 20:27:32,1
586,Charles8188033,test8188033,test@email8188033,KS,SCIENCE,Master Nerd,2017-02-08 20:27:32,2017-02-08 20:27:32,1
587,Charles3899061,test3899061,test@email3899061,KS,CULTURE,Super Nerd,2017-02-08 20:27:32,2017-02-08 20:27:32,1
588,Charles9314425,test9314425,test@email9314425,KS,ENGINEERING,Nerd,2017-02-08 20:27:32,2017-02-08 20:27:32,1
589,Charles8634552,test8634552,test@email8634552,KS,TECHNOLOGY,Senior Nerd,2017-02-08 20:27:32,2017-02-08 20:27:32,1
590,Charles1508824,test1508824,test@email1508824,KS,CULTURE,Junior Nerd,2017-02-08 20:27:32,2017-02-08 20:27:32,1
591,Charles4373864,test4373864,test@email4373864,KY,SCIENCE,Master Nerd,2017-02-08 20:27:32,2017-02-08 20:27:32,1
592,Charles6768570,test6768570,test@email6768570,KY,CULTURE,Super Nerd,2017-02-08 20:27:32,2017-02-08 20:27:32,1
593,Charles8110685,test8110685,test@email8110685,KY,ENGINEERING,Nerd,2017-02-08 20:27:32,2017-02-08 20:27:32,1
594,Charles3146258,test3146258,test@email3146258,KY,TECHNOLOGY,Senior Nerd,2017-02-08 20:27:32,2017-02-08 20:27:32,1
595,Charles311622,test311622,test@email311622,KY,CULTURE,Junior Nerd,2017-02-08 20:27:32,2017-02-08 20:27:32,1
596,Charles7385118,test7385118,test@email7385118,LA,SCIENCE,Master Nerd,2017-02-08 20:27:32,2017-02-08 20:27:32,1
597,Charles6630820,test6630820,test@email6630820,LA,CULTURE,Super Nerd,2017-02-08 20:27:32,2017-02-08 20:27:32,1
598,Charles10066733,test10066733,test@email10066733,LA,ENGINEERING,Nerd,2017-02-08 20:27:32,2017-02-08 20:27:32,1
599,Charles8940423,test8940423,test@email8940423,LA,TECHNOLOGY,Senior Nerd,2017-02-08 20:27:32,2017-02-08 20:27:32,1
600,Charles2000592,test2000592,test@email2000592,LA,CULTURE,Junior Nerd,2017-02-08 20:27:32,2017-02-08 20:27:32,1
601,Charles5373992,test5373992,test@email5373992,ME,SCIENCE,Master Nerd,2017-02-08 20:27:32,2017-02-08 20:27:32,1
602,Charles5058313,test5058313,test@email5058313,ME,CULTURE,Super Nerd,2017-02-08 20:27:32,2017-02-08 20:27:32,1
603,Charles2756097,test2756097,test@email2756097,ME,ENGINEERING,Nerd,2017-02-08 20:27:32,2017-02-08 20:27:32,1
604,Charles559759,test559759,test@email559759,ME,TECHNOLOGY,Senior Nerd,2017-02-08 20:27:32,2017-02-08 20:27:32,1
605,Charles3053947,test3053947,test@email3053947,ME,CULTURE,Junior Nerd,2017-02-08 20:27:32,2017-02-08 20:27:32,1
606,Charles1789101,test1789101,test@email1789101,MD,SCIENCE,Master Nerd,2017-02-08 20:27:32,2017-02-08 20:27:32,1
607,Charles4055659,test4055659,test@email4055659,MD,CULTURE,Super Nerd,2017-02-08 20:27:32,2017-02-08 20:27:32,1
608,Charles3323616,test3323616,test@email3323616,MD,ENGINEERING,Nerd,2017-02-08 20:27:32,2017-02-08 20:27:32,1
609,Charles9139996,test9139996,test@email9139996,MD,TECHNOLOGY,Senior Nerd,2017-02-08 20:27:32,2017-02-08 20:27:32,1
610,Charles4443807,test4443807,test@email4443807,MD,CULTURE,Junior Nerd,2017-02-08 20:27:32,2017-02-08 20:27:32,1
611,Charles8650537,test8650537,test@email8650537,MA,SCIENCE,Master Nerd,2017-02-08 20:27:32,2017-02-08 20:27:32,1
612,Charles7433789,test7433789,test@email7433789,MA,CULTURE,Super Nerd,2017-02-08 20:27:32,2017-02-08 20:27:32,1
613,Charles2229656,test2229656,test@email2229656,MA,ENGINEERING,Nerd,2017-02-08 20:27:32,2017-02-08 20:27:32,1
614,Charles5881765,test5881765,test@email5881765,MA,TECHNOLOGY,Senior Nerd,2017-02-08 20:27:32,2017-02-08 20:27:32,1
615,Charles883761,test883761,test@email883761,MA,CULTURE,Junior Nerd,2017-02-08 20:27:32,2017-02-08 20:27:32,1
616,Charles4377849,test4377849,test@email4377849,MI,SCIENCE,Master Nerd,2017-02-08 20:27:32,2017-02-08 20:27:32,1
617,Charles6980740,test6980740,test@email6980740,MI,CULTURE,Super Nerd,2017-02-08 20:27:32,2017-02-08 20:27:32,1
618,Charles8033246,test8033246,test@email8033246,MI,ENGINEERING,Nerd,2017-02-08 20:27:32,2017-02-08 20:27:32,1
619,Charles710073,test710073,test@email710073,MI,TECHNOLOGY,Senior Nerd,2017-02-08 20:27:32,2017-02-08 20:27:32,1
620,Charles3069746,test3069746,test@email3069746,MI,CULTURE,Junior Nerd,2017-02-08 20:27:32,2017-02-08 20:27:32,1
621,Charles3869163,test3869163,test@email3869163,MN,SCIENCE,Master Nerd,2017-02-08 20:27:32,2017-02-08 20:27:32,1
622,Charles3719843,test3719843,test@email3719843,MN,CULTURE,Super Nerd,2017-02-08 20:27:32,2017-02-08 20:27:32,1
623,Charles5182631,test5182631,test@email5182631,MN,ENGINEERING,Nerd,2017-02-08 20:27:32,2017-02-08 20:27:32,1
624,Charles3092393,test3092393,test@email3092393,MN,TECHNOLOGY,Senior Nerd,2017-02-08 20:27:32,2017-02-08 20:27:32,1
625,Charles5062545,test5062545,test@email5062545,MN,CULTURE,Junior Nerd,2017-02-08 20:27:32,2017-02-08 20:27:32,1
626,Charles8183684,test8183684,test@email8183684,MS,SCIENCE,Master Nerd,2017-02-08 20:27:32,2017-02-08 20:27:32,1
627,Charles7629629,test7629629,test@email7629629,MS,CULTURE,Super Nerd,2017-02-08 20:27:32,2017-02-08 20:27:32,1
628,Charles3558676,test3558676,test@email3558676,MS,ENGINEERING,Nerd,2017-02-08 20:27:32,2017-02-08 20:27:32,1
629,Charles4539751,test4539751,test@email4539751,MS,TECHNOLOGY,Senior Nerd,2017-02-08 20:27:32,2017-02-08 20:27:32,1
630,Charles9187210,test9187210,test@email9187210,MS,CULTURE,Junior Nerd,2017-02-08 20:27:32,2017-02-08 20:27:32,1
631,Charles1668430,test1668430,test@email1668430,MO,SCIENCE,Master Nerd,2017-02-08 20:27:32,2017-02-08 20:27:32,1
632,Charles7176001,test7176001,test@email7176001,MO,CULTURE,Super Nerd,2017-02-08 20:27:32,2017-02-08 20:27:32,1
633,Charles9303050,test9303050,test@email9303050,MO,ENGINEERING,Nerd,2017-02-08 20:27:32,2017-02-08 20:27:32,1
634,Charles2179496,test2179496,test@email2179496,MO,TECHNOLOGY,Senior Nerd,2017-02-08 20:27:32,2017-02-08 20:27:32,1
635,Charles6710054,test6710054,test@email6710054,MO,CULTURE,Junior Nerd,2017-02-08 20:27:32,2017-02-08 20:27:32,1
636,Charles6987871,test6987871,test@email6987871,MT,SCIENCE,Master Nerd,2017-02-08 20:27:32,2017-02-08 20:27:32,1
637,Charles3767709,test3767709,test@email3767709,MT,CULTURE,Super Nerd,2017-02-08 20:27:32,2017-02-08 20:27:32,1
638,Charles8600173,test8600173,test@email8600173,MT,ENGINEERING,Nerd,2017-02-08 20:27:32,2017-02-08 20:27:32,1
639,Charles4180603,test4180603,test@email4180603,MT,TECHNOLOGY,Senior Nerd,2017-02-08 20:27:32,2017-02-08 20:27:32,1
640,Charles8472108,test8472108,test@email8472108,MT,CULTURE,Junior Nerd,2017-02-08 20:27:32,2017-02-08 20:27:32,1
641,Charles9287826,test9287826,test@email9287826,NE,SCIENCE,Master Nerd,2017-02-08 20:27:32,2017-02-08 20:27:32,1
642,Charles7250133,test7250133,test@email7250133,NE,CULTURE,Super Nerd,2017-02-08 20:27:32,2017-02-08 20:27:32,1
643,Charles5425963,test5425963,test@email5425963,NE,ENGINEERING,Nerd,2017-02-08 20:27:32,2017-02-08 20:27:32,1
644,Charles2675148,test2675148,test@email2675148,NE,TECHNOLOGY,Senior Nerd,2017-02-08 20:27:32,2017-02-08 20:27:32,1
645,Charles5376713,test5376713,test@email5376713,NE,CULTURE,Junior Nerd,2017-02-08 20:27:32,2017-02-08 20:27:32,1
646,Charles8359836,test8359836,test@email8359836,NV,SCIENCE,Master Nerd,2017-02-08 20:27:32,2017-02-08 20:27:32,1
647,Charles9962632,test9962632,test@email9962632,NV,CULTURE,Super Nerd,2017-02-08 20:27:32,2017-02-08 20:27:32,1
648,Charles3768050,test3768050,test@email3768050,NV,ENGINEERING,Nerd,2017-02-08 20:27:32,2017-02-08 20:27:32,1
649,Charles7566628,test7566628,test@email7566628,NV,TECHNOLOGY,Senior Nerd,2017-02-08 20:27:32,2017-02-08 20:27:32,1
650,Charles5726668,test5726668,test@email5726668,NV,CULTURE,Junior Nerd,2017-02-08 20:27:32,2017-02-08 20:27:32,1
651,Charles2930223,test2930223,test@email2930223,NH,SCIENCE,Master Nerd,2017-02-08 20:27:32,2017-02-08 20:27:32,1
652,Charles3289713,test3289713,test@email3289713,NH,CULTURE,Super Nerd,2017-02-08 20:27:32,2017-02-08 20:27:32,1
653,Charles3301061,test3301061,test@email3301061,NH,ENGINEERING,Nerd,2017-02-08 20:27:32,2017-02-08 20:27:32,1
654,Charles2214314,test2214314,test@email2214314,NH,TECHNOLOGY,Senior Nerd,2017-02-08 20:27:32,2017-02-08 20:27:32,1
655,Charles3819461,test3819461,test@email3819461,NH,CULTURE,Junior Nerd,2017-02-08 20:27:32,2017-02-08 20:27:32,1
656,Charles9876234,test9876234,test@email9876234,NJ,SCIENCE,Master Nerd,2017-02-08 20:27:32,2017-02-08 20:27:32,1
657,Charles7156357,test7156357,test@email7156357,NJ,CULTURE,Super Nerd,2017-02-08 20:27:32,2017-02-08 20:27:32,1
658,Charles4823438,test4823438,test@email4823438,NJ,ENGINEERING,Nerd,2017-02-08 20:27:32,2017-02-08 20:27:32,1
659,Charles8135153,test8135153,test@email8135153,NJ,TECHNOLOGY,Senior Nerd,2017-02-08 20:27:32,2017-02-08 20:27:32,1
660,Charles4468605,test4468605,test@email4468605,NJ,CULTURE,Junior Nerd,2017-02-08 20:27:32,2017-02-08 20:27:32,1
661,Charles2691119,test2691119,test@email2691119,NM,SCIENCE,Master Nerd,2017-02-08 20:27:32,2017-02-08 20:27:32,1
662,Charles6998825,test6998825,test@email6998825,NM,CULTURE,Super Nerd,2017-02-08 20:27:32,2017-02-08 20:27:32,1
663,Charles2939897,test2939897,test@email2939897,NM,ENGINEERING,Nerd,2017-02-08 20:27:32,2017-02-08 20:27:32,1
664,Charles5190365,test5190365,test@email5190365,NM,TECHNOLOGY,Senior Nerd,2017-02-08 20:27:32,2017-02-08 20:27:32,1
665,Charles3925150,test3925150,test@email3925150,NM,CULTURE,Junior Nerd,2017-02-08 20:27:32,2017-02-08 20:27:32,1
666,Charles8347746,test8347746,test@email8347746,NY,SCIENCE,Master Nerd,2017-02-08 20:27:32,2017-02-08 20:27:32,1
667,Charles2489229,test2489229,test@email2489229,NY,CULTURE,Super Nerd,2017-02-08 20:27:32,2017-02-08 20:27:32,1
668,Charles4355485,test4355485,test@email4355485,NY,ENGINEERING,Nerd,2017-02-08 20:27:32,2017-02-08 20:27:32,1
669,Charles4190737,test4190737,test@email4190737,NY,TECHNOLOGY,Senior Nerd,2017-02-08 20:27:32,2017-02-08 20:27:32,1
670,Charles4500457,test4500457,test@email4500457,NY,CULTURE,Junior Nerd,2017-02-08 20:27:32,2017-02-08 20:27:32,1
671,Charles4242241,test4242241,test@email4242241,NC,SCIENCE,Master Nerd,2017-02-08 20:27:32,2017-02-08 20:27:32,1
672,Charles7896368,test7896368,test@email7896368,NC,CULTURE,Super Nerd,2017-02-08 20:27:32,2017-02-08 20:27:32,1
673,Charles7656663,test7656663,test@email7656663,NC,ENGINEERING,Nerd,2017-02-08 20:27:32,2017-02-08 20:27:32,1
674,Charles1360312,test1360312,test@email1360312,NC,TECHNOLOGY,Senior Nerd,2017-02-08 20:27:32,2017-02-08 20:27:32,1
675,Charles6830117,test6830117,test@email6830117,NC,CULTURE,Junior Nerd,2017-02-08 20:27:32,2017-02-08 20:27:32,1
676,Charles4967176,test4967176,test@email4967176,ND,SCIENCE,Master Nerd,2017-02-08 20:27:32,2017-02-08 20:27:32,1
677,Charles3446551,test3446551,test@email3446551,ND,CULTURE,Super Nerd,2017-02-08 20:27:32,2017-02-08 20:27:32,1
678,Charles1176618,test1176618,test@email1176618,ND,ENGINEERING,Nerd,2017-02-08 20:27:32,2017-02-08 20:27:32,1
679,Charles258769,test258769,test@email258769,ND,TECHNOLOGY,Senior Nerd,2017-02-08 20:27:32,2017-02-08 20:27:32,1
680,Charles2611254,test2611254,test@email2611254,ND,CULTURE,Junior Nerd,2017-02-08 20:27:32,2017-02-08 20:27:32,1
681,Charles1679771,test1679771,test@email1679771,OH,SCIENCE,Master Nerd,2017-02-08 20:27:32,2017-02-08 20:27:32,1
682,Charles4728563,test4728563,test@email4728563,OH,CULTURE,Super Nerd,2017-02-08 20:27:32,2017-02-08 20:27:32,1
683,Charles7096741,test7096741,test@email7096741,OH,ENGINEERING,Nerd,2017-02-08 20:27:32,2017-02-08 20:27:32,1
684,Charles3461887,test3461887,test@email3461887,OH,TECHNOLOGY,Senior Nerd,2017-02-08 20:27:32,2017-02-08 20:27:32,1
685,Charles791587,test791587,test@email791587,OH,CULTURE,Junior Nerd,2017-02-08 20:27:32,2017-02-08 20:27:32,1
686,Charles1732606,test1732606,test@email1732606,OK,SCIENCE,Master Nerd,2017-02-08 20:27:32,2017-02-08 20:27:32,1
687,Charles9061039,test9061039,test@email9061039,OK,CULTURE,Super Nerd,2017-02-08 20:27:32,2017-02-08 20:27:32,1
688,Charles6103949,test6103949,test@email6103949,OK,ENGINEERING,Nerd,2017-02-08 20:27:32,2017-02-08 20:27:32,1
689,Charles8753564,test8753564,test@email8753564,OK,TECHNOLOGY,Senior Nerd,2017-02-08 20:27:32,2017-02-08 20:27:32,1
690,Charles1762907,test1762907,test@email1762907,OK,CULTURE,Junior Nerd,2017-02-08 20:27:32,2017-02-08 20:27:32,1
691,Charles955067,test955067,test@email955067,OR,SCIENCE,Master Nerd,2017-02-08 20:27:32,2017-02-08 20:27:32,1
692,Charles916712,test916712,test@email916712,OR,CULTURE,Super Nerd,2017-02-08 20:27:32,2017-02-08 20:27:32,1
693,Charles7853596,test7853596,test@email7853596,OR,ENGINEERING,Nerd,2017-02-08 20:27:32,2017-02-08 20:27:32,1
694,Charles301066,test301066,test@email301066,OR,TECHNOLOGY,Senior Nerd,2017-02-08 20:27:32,2017-02-08 20:27:32,1
695,Charles9246951,test9246951,test@email9246951,OR,CULTURE,Junior Nerd,2017-02-08 20:27:32,2017-02-08 20:27:32,1
696,Charles1620011,test1620011,test@email1620011,PA,SCIENCE,Master Nerd,2017-02-08 20:27:32,2017-02-08 20:27:32,1
697,Charles4477005,test4477005,test@email4477005,PA,CULTURE,Super Nerd,2017-02-08 20:27:32,2017-02-08 20:27:32,1
698,Charles2184852,test2184852,test@email2184852,PA,ENGINEERING,Nerd,2017-02-08 20:27:32,2017-02-08 20:27:32,1
699,Charles7115965,test7115965,test@email7115965,PA,TECHNOLOGY,Senior Nerd,2017-02-08 20:27:32,2017-02-08 20:27:32,1
700,Charles6028172,test6028172,test@email6028172,PA,CULTURE,Junior Nerd,2017-02-08 20:27:32,2017-02-08 20:27:32,1
701,Charles7563151,test7563151,test@email7563151,RI,SCIENCE,Master Nerd,2017-02-08 20:27:32,2017-02-08 20:27:32,1
702,Charles9752752,test9752752,test@email9752752,RI,CULTURE,Super Nerd,2017-02-08 20:27:32,2017-02-08 20:27:32,1
703,Charles3207681,test3207681,test@email3207681,RI,ENGINEERING,Nerd,2017-02-08 20:27:32,2017-02-08 20:27:32,1
704,Charles7267908,test7267908,test@email7267908,RI,TECHNOLOGY,Senior Nerd,2017-02-08 20:27:32,2017-02-08 20:27:32,1
705,Charles3146013,test3146013,test@email3146013,RI,CULTURE,Junior Nerd,2017-02-08 20:27:32,2017-02-08 20:27:32,1
706,Charles3178775,test3178775,test@email3178775,SC,SCIENCE,Master Nerd,2017-02-08 20:27:32,2017-02-08 20:27:32,1
707,Charles606543,test606543,test@email606543,SC,CULTURE,Super Nerd,2017-02-08 20:27:32,2017-02-08 20:27:32,1
708,Charles9154399,test9154399,test@email9154399,SC,ENGINEERING,Nerd,2017-02-08 20:27:32,2017-02-08 20:27:32,1
709,Charles6344690,test6344690,test@email6344690,SC,TECHNOLOGY,Senior Nerd,2017-02-08 20:27:32,2017-02-08 20:27:32,1
710,Charles6851080,test6851080,test@email6851080,SC,CULTURE,Junior Nerd,2017-02-08 20:27:32,2017-02-08 20:27:32,1
711,Charles7498295,test7498295,test@email7498295,SD,SCIENCE,Master Nerd,2017-02-08 20:27:32,2017-02-08 20:27:32,1
712,Charles4495198,test4495198,test@email4495198,SD,CULTURE,Super Nerd,2017-02-08 20:27:32,2017-02-08 20:27:32,1
713,Charles5994484,test5994484,test@email5994484,SD,ENGINEERING,Nerd,2017-02-08 20:27:32,2017-02-08 20:27:32,1
714,Charles1487422,test1487422,test@email1487422,SD,TECHNOLOGY,Senior Nerd,2017-02-08 20:27:32,2017-02-08 20:27:32,1
715,Charles8047621,test8047621,test@email8047621,SD,CULTURE,Junior Nerd,2017-02-08 20:27:32,2017-02-08 20:27:32,1
716,Charles1951445,test1951445,test@email1951445,TN,SCIENCE,Master Nerd,2017-02-08 20:27:32,2017-02-08 20:27:32,1
717,Charles5780453,test5780453,test@email5780453,TN,CULTURE,Super Nerd,2017-02-08 20:27:32,2017-02-08 20:27:32,1
718,Charles1333967,test1333967,test@email1333967,TN,ENGINEERING,Nerd,2017-02-08 20:27:32,2017-02-08 20:27:32,1
719,Charles7481944,test7481944,test@email7481944,TN,TECHNOLOGY,Senior Nerd,2017-02-08 20:27:32,2017-02-08 20:27:32,1
720,Charles7247955,test7247955,test@email7247955,TN,CULTURE,Junior Nerd,2017-02-08 20:27:32,2017-02-08 20:27:32,1
721,Charles3602595,test3602595,test@email3602595,TX,SCIENCE,Master Nerd,2017-02-08 20:27:32,2017-02-08 20:27:32,1
722,Charles2442617,test2442617,test@email2442617,TX,CULTURE,Super Nerd,2017-02-08 20:27:32,2017-02-08 20:27:32,1
723,Charles1841764,test1841764,test@email1841764,TX,ENGINEERING,Nerd,2017-02-08 20:27:32,2017-02-08 20:27:32,1
724,Charles1202080,test1202080,test@email1202080,TX,TECHNOLOGY,Senior Nerd,2017-02-08 20:27:32,2017-02-08 20:27:32,1
725,Charles4817877,test4817877,test@email4817877,TX,CULTURE,Junior Nerd,2017-02-08 20:27:32,2017-02-08 20:27:32,1
726,Charles3760167,test3760167,test@email3760167,UT,SCIENCE,Master Nerd,2017-02-08 20:27:32,2017-02-08 20:27:32,1
727,Charles5588037,test5588037,test@email5588037,UT,CULTURE,Super Nerd,2017-02-08 20:27:32,2017-02-08 20:27:32,1
728,Charles8563979,test8563979,test@email8563979,UT,ENGINEERING,Nerd,2017-02-08 20:27:32,2017-02-08 20:27:32,1
729,Charles4943204,test4943204,test@email4943204,UT,TECHNOLOGY,Senior Nerd,2017-02-08 20:27:32,2017-02-08 20:27:32,1
730,Charles9597700,test9597700,test@email9597700,UT,CULTURE,Junior Nerd,2017-02-08 20:27:32,2017-02-08 20:27:32,1
731,Charles6499932,test6499932,test@email6499932,VT,SCIENCE,Master Nerd,2017-02-08 20:27:32,2017-02-08 20:27:32,1
732,Charles4053749,test4053749,test@email4053749,VT,CULTURE,Super Nerd,2017-02-08 20:27:32,2017-02-08 20:27:32,1
733,Charles7526617,test7526617,test@email7526617,VT,ENGINEERING,Nerd,2017-02-08 20:27:32,2017-02-08 20:27:32,1
734,Charles232343,test232343,test@email232343,VT,TECHNOLOGY,Senior Nerd,2017-02-08 20:27:32,2017-02-08 20:27:32,1
735,Charles5407591,test5407591,test@email5407591,VT,CULTURE,Junior Nerd,2017-02-08 20:27:32,2017-02-08 20:27:32,1
736,Charles1249900,test1249900,test@email1249900,VA,SCIENCE,Master Nerd,2017-02-08 20:27:32,2017-02-08 20:27:32,1
737,Charles1930003,test1930003,test@email1930003,VA,CULTURE,Super Nerd,2017-02-08 20:27:32,2017-02-08 20:27:32,1
738,Charles5578589,test5578589,test@email5578589,VA,ENGINEERING,Nerd,2017-02-08 20:27:32,2017-02-08 20:27:32,1
739,Charles913062,test913062,test@email913062,VA,TECHNOLOGY,Senior Nerd,2017-02-08 20:27:32,2017-02-08 20:27:32,1
740,Charles9520837,test9520837,test@email9520837,VA,CULTURE,Junior Nerd,2017-02-08 20:27:32,2017-02-08 20:27:32,1
741,Charles3426783,test3426783,test@email3426783,WA,SCIENCE,Master Nerd,2017-02-08 20:27:32,2017-02-08 20:27:32,1
742,Charles5686731,test5686731,test@email5686731,WA,CULTURE,Super Nerd,2017-02-08 20:27:32,2017-02-08 20:27:32,1
743,Charles609946,test609946,test@email609946,WA,ENGINEERING,Nerd,2017-02-08 20:27:32,2017-02-08 20:27:32,1
744,Charles6564444,test6564444,test@email6564444,WA,TECHNOLOGY,Senior Nerd,2017-02-08 20:27:32,2017-02-08 20:27:32,1
745,Charles3718882,test3718882,test@email3718882,WA,CULTURE,Junior Nerd,2017-02-08 20:27:32,2017-02-08 20:27:32,1
746,Charles2036854,test2036854,test@email2036854,WV,SCIENCE,Master Nerd,2017-02-08 20:27:32,2017-02-08 20:27:32,1
747,Charles441954,test441954,test@email441954,WV,CULTURE,Super Nerd,2017-02-08 20:27:32,2017-02-08 20:27:32,1
748,Charles2777998,test2777998,test@email2777998,WV,ENGINEERING,Nerd,2017-02-08 20:27:32,2017-02-08 20:27:32,1
749,Charles4153923,test4153923,test@email4153923,WV,TECHNOLOGY,Senior Nerd,2017-02-08 20:27:32,2017-02-08 20:27:32,1
750,Charles9488399,test9488399,test@email9488399,WV,CULTURE,Junior Nerd,2017-02-08 20:27:32,2017-02-08 20:27:32,1
751,Charles3949911,test3949911,test@email3949911,WI,SCIENCE,Master Nerd,2017-02-08 20:27:32,2017-02-08 20:27:32,1
752,Charles553202,test553202,test@email553202,WI,CULTURE,Super Nerd,2017-02-08 20:27:32,2017-02-08 20:27:32,1
753,Charles5582767,test5582767,test@email5582767,WI,ENGINEERING,Nerd,2017-02-08 20:27:32,2017-02-08 20:27:32,1
754,Charles4567739,test4567739,test@email4567739,WI,TECHNOLOGY,Senior Nerd,2017-02-08 20:27:32,2017-02-08 20:27:32,1
755,Charles1641679,test1641679,test@email1641679,WI,CULTURE,Junior Nerd,2017-02-08 20:27:32,2017-02-08 20:27:32,1
756,Charles5942515,test5942515,test@email5942515,WY,SCIENCE,Master Nerd,2017-02-08 20:27:32,2017-02-08 20:27:32,1
757,Charles7596758,test7596758,test@email7596758,WY,CULTURE,Super Nerd,2017-02-08 20:27:32,2017-02-08 20:27:32,1
758,Charles10025123,test10025123,test@email10025123,WY,ENGINEERING,Nerd,2017-02-08 20:27:32,2017-02-08 20:27:32,1
759,Charles2570821,test2570821,test@email2570821,WY,TECHNOLOGY,Senior Nerd,2017-02-08 20:27:32,2017-02-08 20:27:32,1
760,Charles9341635,test9341635,test@email9341635,WY,CULTURE,Junior Nerd,2017-02-08 20:27:32,2017-02-08 20:27:32,1
761,Charles5354779,test5354779,test@email5354779,DC,SCIENCE,Master Nerd,2017-02-08 20:27:32,2017-02-08 20:27:32,1
762,Charles9453651,test9453651,test@email9453651,DC,CULTURE,Super Nerd,2017-02-08 20:27:32,2017-02-08 20:27:32,1
763,Charles8112747,test8112747,test@email8112747,DC,ENGINEERING,Nerd,2017-02-08 20:27:32,2017-02-08 20:27:32,1
764,Charles8512087,test8512087,test@email8512087,DC,TECHNOLOGY,Senior Nerd,2017-02-08 20:27:32,2017-02-08 20:27:32,1
765,Charles5673335,test5673335,test@email5673335,DC,CULTURE,Junior Nerd,2017-02-08 20:27:32,2017-02-08 20:27:32,1
